center,cluster,cluster_member,entity_type,number_of_clusters,number_of_members,text_value
[ 3.  1. 25.  0.  5. 46. 33. 35.],0,1,"1    PERSON
Name: entity_type, dtype: object",16,9,"1     
Name: text_value, dtype: object"
[ 3.  1. 25.  0.  5. 46. 33. 35.],0,3,"3    CARDINAL
Name: entity_type, dtype: object",16,9,"3    2008-CA-15000\n\nDIVISION
Name: text_value, dtype: object"
[ 3.  1. 25.  0.  5. 46. 33. 35.],0,10,"10    CARDINAL
Name: entity_type, dtype: object",16,9,"10    264
Name: text_value, dtype: object"
[ 3.  1. 25.  0.  5. 46. 33. 35.],0,11,"11    CARDINAL
Name: entity_type, dtype: object",16,9,"11    509
Name: text_value, dtype: object"
[ 3.  1. 25.  0.  5. 46. 33. 35.],0,31,"31    CARDINAL
Name: entity_type, dtype: object",16,9,"31    2007-CA-11175-IXXX
Name: text_value, dtype: object"
[ 3.  1. 25.  0.  5. 46. 33. 35.],0,41,"41    CARDINAL
Name: entity_type, dtype: object",16,9,"41    2007-CA-11175-AXXX
Name: text_value, dtype: object"
[ 3.  1. 25.  0.  5. 46. 33. 35.],0,65,"65    DATE
Name: entity_type, dtype: object",16,9,"65    2011
Name: text_value, dtype: object"
[ 3.  1. 25.  0.  5. 46. 33. 35.],0,76,"76    PHONE_NUMBER
Name: entity_type, dtype: object",16,9,"76    234-7754
Name: text_value, dtype: object"
[ 3.  1. 25.  0.  5. 46. 33. 35.],0,78,"78    PHONE_NUMBER
Name: entity_type, dtype: object",16,9,"78    234 7754
Name: text_value, dtype: object"
[ 24.  13.  33.  15.  34.  55.  37. 197.],1,0,"0    ORG
Name: entity_type, dtype: object",16,36,"0    FLORIDA CIVIL DIVISION
Name: text_value, dtype: object"
[ 24.  13.  33.  15.  34.  55.  37. 197.],1,2,"2    WORK_OF_ART
Name: entity_type, dtype: object",16,36,"2    ENOLE PROGENY\n\nTOBACCO LITIGATION        Case
Name: text_value, dtype: object"
[ 24.  13.  33.  15.  34.  55.  37. 197.],1,4,"4    SUSPICIOUS_NUMBER
Name: entity_type, dtype: object",16,36,"4    rt
Name: text_value, dtype: object"
[ 24.  13.  33.  15.  34.  55.  37. 197.],1,5,"5    SUSPICIOUS_NUMBER
Name: entity_type, dtype: object",16,36,"5    rt
Name: text_value, dtype: object"
[ 24.  13.  33.  15.  34.  55.  37. 197.],1,6,"6    ORG
Name: entity_type, dtype: object",16,36,"6    Cases,\n\nParticularly
Name: text_value, dtype: object"
[ 24.  13.  33.  15.  34.  55.  37. 197.],1,7,"7    PERSON
Name: entity_type, dtype: object",16,36,"7    Cooper Stansbury\n\nRobert Sury
Name: text_value, dtype: object"
[ 24.  13.  33.  15.  34.  55.  37. 197.],1,8,"8    WORK_OF_ART
Name: entity_type, dtype: object",16,36,"8    Personal        VOLUME II
Name: text_value, dtype: object"
[ 24.  13.  33.  15.  34.  55.  37. 197.],1,9,"9    ORG
Name: entity_type, dtype: object",16,36,"9    the       Pages
Name: text_value, dtype: object"
[ 24.  13.  33.  15.  34.  55.  37. 197.],1,12,"12    PERSON
Name: entity_type, dtype: object",16,36,"12    William Sury
Name: text_value, dtype: object"
[ 24.  13.  33.  15.  34.  55.  37. 197.],1,13,"13    SUSPICIOUS_NUMBER
Name: entity_type, dtype: object",16,36,"13    rt
Name: text_value, dtype: object"
[ 24.  13.  33.  15.  34.  55.  37. 197.],1,14,"14    SUSPICIOUS_NUMBER
Name: entity_type, dtype: object",16,36,"14    rl
Name: text_value, dtype: object"
[ 24.  13.  33.  15.  34.  55.  37. 197.],1,15,"15    SUSPICIOUS_NUMBER
Name: entity_type, dtype: object",16,36,"15    r 
Name: text_value, dtype: object"
[ 24.  13.  33.  15.  34.  55.  37. 197.],1,16,"16    SUSPICIOUS_NUMBER
Name: entity_type, dtype: object",16,36,"16    ry
Name: text_value, dtype: object"
[ 24.  13.  33.  15.  34.  55.  37. 197.],1,17,"17    SUSPICIOUS_NUMBER
Name: entity_type, dtype: object",16,36,"17    rt
Name: text_value, dtype: object"
[ 24.  13.  33.  15.  34.  55.  37. 197.],1,18,"18    SUSPICIOUS_NUMBER
Name: entity_type, dtype: object",16,36,"18    ry
Name: text_value, dtype: object"
[ 24.  13.  33.  15.  34.  55.  37. 197.],1,19,"19    SUSPICIOUS_NUMBER
Name: entity_type, dtype: object",16,36,"19    rs
Name: text_value, dtype: object"
[ 24.  13.  33.  15.  34.  55.  37. 197.],1,20,"20    SUSPICIOUS_NUMBER
Name: entity_type, dtype: object",16,36,"20    re
Name: text_value, dtype: object"
[ 24.  13.  33.  15.  34.  55.  37. 197.],1,21,"21    SUSPICIOUS_NUMBER
Name: entity_type, dtype: object",16,36,"21    ry
Name: text_value, dtype: object"
[ 24.  13.  33.  15.  34.  55.  37. 197.],1,22,"22    SUSPICIOUS_NUMBER
Name: entity_type, dtype: object",16,36,"22    rt
Name: text_value, dtype: object"
[ 24.  13.  33.  15.  34.  55.  37. 197.],1,23,"23    SUSPICIOUS_NUMBER
Name: entity_type, dtype: object",16,36,"23    rl
Name: text_value, dtype: object"
[ 24.  13.  33.  15.  34.  55.  37. 197.],1,24,"24    SUSPICIOUS_NUMBER
Name: entity_type, dtype: object",16,36,"24    r 
Name: text_value, dtype: object"
[ 24.  13.  33.  15.  34.  55.  37. 197.],1,25,"25    SUSPICIOUS_NUMBER
Name: entity_type, dtype: object",16,36,"25    ry
Name: text_value, dtype: object"
[ 24.  13.  33.  15.  34.  55.  37. 197.],1,26,"26    SUSPICIOUS_NUMBER
Name: entity_type, dtype: object",16,36,"26    rt
Name: text_value, dtype: object"
[ 24.  13.  33.  15.  34.  55.  37. 197.],1,27,"27    SUSPICIOUS_NUMBER
Name: entity_type, dtype: object",16,36,"27    ry
Name: text_value, dtype: object"
[ 24.  13.  33.  15.  34.  55.  37. 197.],1,28,"28    SUSPICIOUS_NUMBER
Name: entity_type, dtype: object",16,36,"28    rs
Name: text_value, dtype: object"
[ 24.  13.  33.  15.  34.  55.  37. 197.],1,29,"29    SUSPICIOUS_NUMBER
Name: entity_type, dtype: object",16,36,"29    re
Name: text_value, dtype: object"
[ 24.  13.  33.  15.  34.  55.  37. 197.],1,30,"30    SUSPICIOUS_NUMBER
Name: entity_type, dtype: object",16,36,"30    ry
Name: text_value, dtype: object"
[ 24.  13.  33.  15.  34.  55.  37. 197.],1,32,"32    PERSON
Name: entity_type, dtype: object",16,36,"32    Patricia Bowman
Name: text_value, dtype: object"
[ 24.  13.  33.  15.  34.  55.  37. 197.],1,33,"33    ORG
Name: entity_type, dtype: object",16,36,"33    Personal Representative of the Estate
Name: text_value, dtype: object"
[ 24.  13.  33.  15.  34.  55.  37. 197.],1,34,"34    PERSON
Name: entity_type, dtype: object",16,36,"34    Michael Bowman
Name: text_value, dtype: object"
[ 24.  13.  33.  15.  34.  55.  37. 197.],1,35,"35    SUSPICIOUS_NUMBER
Name: entity_type, dtype: object",16,36,"35    ri
Name: text_value, dtype: object"
[ 24.  13.  33.  15.  34.  55.  37. 197.],1,36,"36    SUSPICIOUS_NUMBER
Name: entity_type, dtype: object",16,36,"36    rs
Name: text_value, dtype: object"
[ 24.  13.  33.  15.  34.  55.  37. 197.],1,37,"37    SUSPICIOUS_NUMBER
Name: entity_type, dtype: object",16,36,"37    re
Name: text_value, dtype: object"
[ 24.  13.  33.  15.  34.  55.  37. 197.],1,38,"38    SUSPICIOUS_NUMBER
Name: entity_type, dtype: object",16,36,"38    ri
Name: text_value, dtype: object"
[ 24.  13.  33.  15.  34.  55.  37. 197.],1,39,"39    SUSPICIOUS_NUMBER
Name: entity_type, dtype: object",16,36,"39    rs
Name: text_value, dtype: object"
[ 24.  13.  33.  15.  34.  55.  37. 197.],1,40,"40    SUSPICIOUS_NUMBER
Name: entity_type, dtype: object",16,36,"40    re
Name: text_value, dtype: object"
[ 91.  55. 142.  15.  43.  37.  23. 197.],2,42,"42    GPE
Name: entity_type, dtype: object",16,102,"42    Salem
Name: text_value, dtype: object"
[ 91.  55. 142.  15.  43.  37.  23. 197.],2,43,"43    GPE
Name: entity_type, dtype: object",16,102,"43    North Carolina
Name: text_value, dtype: object"
[ 91.  55. 142.  15.  43.  37.  23. 197.],2,44,"44    SUSPICIOUS_NUMBER
Name: entity_type, dtype: object",16,102,"44    rt
Name: text_value, dtype: object"
[ 91.  55. 142.  15.  43.  37.  23. 197.],2,45,"45    SUSPICIOUS_NUMBER
Name: entity_type, dtype: object",16,102,"45    ro
Name: text_value, dtype: object"
[ 91.  55. 142.  15.  43.  37.  23. 197.],2,46,"46    SUSPICIOUS_NUMBER
Name: entity_type, dtype: object",16,102,"46    rt
Name: text_value, dtype: object"
[ 91.  55. 142.  15.  43.  37.  23. 197.],2,47,"47    SUSPICIOUS_NUMBER
Name: entity_type, dtype: object",16,102,"47    ro
Name: text_value, dtype: object"
[ 91.  55. 142.  15.  43.  37.  23. 197.],2,48,"48    DATE
Name: entity_type, dtype: object",16,102,"48    Friday, July 22, 2011
Name: text_value, dtype: object"
[ 91.  55. 142.  15.  43.  37.  23. 197.],2,49,"49    SUSPICIOUS_NUMBER
Name: entity_type, dtype: object",16,102,"49    ri
Name: text_value, dtype: object"
[ 91.  55. 142.  15.  43.  37.  23. 197.],2,50,"50    SUSPICIOUS_NUMBER
Name: entity_type, dtype: object",16,102,"50    ri
Name: text_value, dtype: object"
[ 91.  55. 142.  15.  43.  37.  23. 197.],2,51,"51    PERSON
Name: entity_type, dtype: object",16,102,"51    CHRISTOPHER J. COOK
Name: text_value, dtype: object"
[ 91.  55. 142.  15.  43.  37.  23. 197.],2,52,"52    LAW
Name: entity_type, dtype: object",16,102,"52    the Amended Notice of Deposition
Name: text_value, dtype: object"
[ 91.  55. 142.  15.  43.  37.  23. 197.],2,53,"53    PERSON
Name: entity_type, dtype: object",16,102,"53    DEBRA D. BOWDEN
Name: text_value, dtype: object"
[ 91.  55. 142.  15.  43.  37.  23. 197.],2,54,"54    PERSON
Name: entity_type, dtype: object",16,102,"54    Certified Realtime
Name: text_value, dtype: object"
[ 91.  55. 142.  15.  43.  37.  23. 197.],2,55,"55    ORG
Name: entity_type, dtype: object",16,102,"55    Notary Public
Name: text_value, dtype: object"
[ 91.  55. 142.  15.  43.  37.  23. 197.],2,56,"56    GPE
Name: entity_type, dtype: object",16,102,"56    North Carolina
Name: text_value, dtype: object"
[ 91.  55. 142.  15.  43.  37.  23. 197.],2,57,"57    ORG
Name: entity_type, dtype: object",16,102,"57    the Law Offices
Name: text_value, dtype: object"
[ 91.  55. 142.  15.  43.  37.  23. 197.],2,58,"58    ORG
Name: entity_type, dtype: object",16,102,"58    Womble Carlyle Sandridge & Rice
Name: text_value, dtype: object"
[ 91.  55. 142.  15.  43.  37.  23. 197.],2,59,"59    ORDINAL
Name: entity_type, dtype: object",16,102,"59    4th
Name: text_value, dtype: object"
[ 91.  55. 142.  15.  43.  37.  23. 197.],2,60,"60    GPE
Name: entity_type, dtype: object",16,102,"60    Winston
Name: text_value, dtype: object"
[ 91.  55. 142.  15.  43.  37.  23. 197.],2,61,"61    GPE
Name: entity_type, dtype: object",16,102,"61    Salem
Name: text_value, dtype: object"
[ 91.  55. 142.  15.  43.  37.  23. 197.],2,62,"62    GPE
Name: entity_type, dtype: object",16,102,"62    North Carolina
Name: text_value, dtype: object"
[ 91.  55. 142.  15.  43.  37.  23. 197.],2,63,"63    TIME
Name: entity_type, dtype: object",16,102,"63    9:01 a.m.
Name: text_value, dtype: object"
[ 91.  55. 142.  15.  43.  37.  23. 197.],2,64,"64    DATE
Name: entity_type, dtype: object",16,102,"64    Friday, July 22nd
Name: text_value, dtype: object"
[ 91.  55. 142.  15.  43.  37.  23. 197.],2,66,"66    PERSON
Name: entity_type, dtype: object",16,102,"66    DEBRA D. BOWDEN
Name: text_value, dtype: object"
[ 91.  55. 142.  15.  43.  37.  23. 197.],2,67,"67    ORG
Name: entity_type, dtype: object",16,102,"67    RMR
Name: text_value, dtype: object"
[ 91.  55. 142.  15.  43.  37.  23. 197.],2,68,"68    ORG
Name: entity_type, dtype: object",16,102,"68    CRR
Name: text_value, dtype: object"
[ 91.  55. 142.  15.  43.  37.  23. 197.],2,69,"69    ORG
Name: entity_type, dtype: object",16,102,"69    Plaintiffs:\n\nJim\
Name: text_value, dtype: object"
[ 91.  55. 142.  15.  43.  37.  23. 197.],2,70,"70    CARDINAL
Name: entity_type, dtype: object",16,102,"70    4444
Name: text_value, dtype: object"
[ 91.  55. 142.  15.  43.  37.  23. 197.],2,71,"71    PERSON
Name: entity_type, dtype: object",16,102,"71    E. SHIELDS
Name: text_value, dtype: object"
[ 91.  55. 142.  15.  43.  37.  23. 197.],2,72,"72    ORG
Name: entity_type, dtype: object",16,102,"72    ESQUIRE\n\nDoffermyre Shields Canfield & Knowles
Name: text_value, dtype: object"
[ 91.  55. 142.  15.  43.  37.  23. 197.],2,73,"73    ORG
Name: entity_type, dtype: object",16,102,"73    Peachtree Street\n\nSuite 1600\n\nAtlanta
Name: text_value, dtype: object"
[ 91.  55. 142.  15.  43.  37.  23. 197.],2,74,"74    GPE
Name: entity_type, dtype: object",16,102,"74    Georgia
Name: text_value, dtype: object"
[ 91.  55. 142.  15.  43.  37.  23. 197.],2,75,"75    PHONE_NUMBER
Name: entity_type, dtype: object",16,102,"75    444-1231
Name: text_value, dtype: object"
[ 91.  55. 142.  15.  43.  37.  23. 197.],2,77,"77    PHONE_NUMBER
Name: entity_type, dtype: object",16,102,"77    444 1231
Name: text_value, dtype: object"
[ 91.  55. 142.  15.  43.  37.  23. 197.],2,79,"79    SUSPICIOUS_NUMBER
Name: entity_type, dtype: object",16,102,"79    r 
Name: text_value, dtype: object"
[ 91.  55. 142.  15.  43.  37.  23. 197.],2,80,"80    SUSPICIOUS_NUMBER
Name: entity_type, dtype: object",16,102,"80    r 
Name: text_value, dtype: object"
[ 91.  55. 142.  15.  43.  37.  23. 197.],2,81,"81    SUSPICIOUS_NUMBER
Name: entity_type, dtype: object",16,102,"81    rs
Name: text_value, dtype: object"
[ 91.  55. 142.  15.  43.  37.  23. 197.],2,82,"82    SUSPICIOUS_NUMBER
Name: entity_type, dtype: object",16,102,"82    rn
Name: text_value, dtype: object"
[ 91.  55. 142.  15.  43.  37.  23. 197.],2,83,"83    SUSPICIOUS_NUMBER
Name: entity_type, dtype: object",16,102,"83    re
Name: text_value, dtype: object"
[ 91.  55. 142.  15.  43.  37.  23. 197.],2,84,"84    SUSPICIOUS_NUMBER
Name: entity_type, dtype: object",16,102,"84    ri
Name: text_value, dtype: object"
[ 91.  55. 142.  15.  43.  37.  23. 197.],2,85,"85    SUSPICIOUS_NUMBER
Name: entity_type, dtype: object",16,102,"85    rt
Name: text_value, dtype: object"
[ 91.  55. 142.  15.  43.  37.  23. 197.],2,86,"86    SUSPICIOUS_NUMBER
Name: entity_type, dtype: object",16,102,"86    r,
Name: text_value, dtype: object"
[ 91.  55. 142.  15.  43.  37.  23. 197.],2,87,"87    SUSPICIOUS_NUMBER
Name: entity_type, dtype: object",16,102,"87    rt
Name: text_value, dtype: object"
[ 91.  55. 142.  15.  43.  37.  23. 197.],2,88,"88    SUSPICIOUS_NUMBER
Name: entity_type, dtype: object",16,102,"88    rt
Name: text_value, dtype: object"
[ 91.  55. 142.  15.  43.  37.  23. 197.],2,89,"89    SUSPICIOUS_NUMBER
Name: entity_type, dtype: object",16,102,"89    r 
Name: text_value, dtype: object"
[ 91.  55. 142.  15.  43.  37.  23. 197.],2,90,"90    SUSPICIOUS_NUMBER
Name: entity_type, dtype: object",16,102,"90    ry
Name: text_value, dtype: object"
[ 91.  55. 142.  15.  43.  37.  23. 197.],2,91,"91    SUSPICIOUS_NUMBER
Name: entity_type, dtype: object",16,102,"91    r 
Name: text_value, dtype: object"
[ 91.  55. 142.  15.  43.  37.  23. 197.],2,92,"92    SUSPICIOUS_NUMBER
Name: entity_type, dtype: object",16,102,"92    rt
Name: text_value, dtype: object"
[ 91.  55. 142.  15.  43.  37.  23. 197.],2,93,"93    SUSPICIOUS_NUMBER
Name: entity_type, dtype: object",16,102,"93    ro
Name: text_value, dtype: object"
[ 91.  55. 142.  15.  43.  37.  23. 197.],2,94,"94    SUSPICIOUS_NUMBER
Name: entity_type, dtype: object",16,102,"94    rl
Name: text_value, dtype: object"
[ 91.  55. 142.  15.  43.  37.  23. 197.],2,95,"95    SUSPICIOUS_NUMBER
Name: entity_type, dtype: object",16,102,"95    ri
Name: text_value, dtype: object"
[ 91.  55. 142.  15.  43.  37.  23. 197.],2,96,"96    SUSPICIOUS_NUMBER
Name: entity_type, dtype: object",16,102,"96    re
Name: text_value, dtype: object"
[ 91.  55. 142.  15.  43.  37.  23. 197.],2,97,"97    SUSPICIOUS_NUMBER
Name: entity_type, dtype: object",16,102,"97    rt
Name: text_value, dtype: object"
[ 91.  55. 142.  15.  43.  37.  23. 197.],2,98,"98    SUSPICIOUS_NUMBER
Name: entity_type, dtype: object",16,102,"98    ro
Name: text_value, dtype: object"
[ 91.  55. 142.  15.  43.  37.  23. 197.],2,99,"99    SUSPICIOUS_NUMBER
Name: entity_type, dtype: object",16,102,"99    ri
Name: text_value, dtype: object"
[ 91.  55. 142.  15.  43.  37.  23. 197.],2,100,"100    SUSPICIOUS_NUMBER
Name: entity_type, dtype: object",16,102,"100    ro
Name: text_value, dtype: object"
[ 91.  55. 142.  15.  43.  37.  23. 197.],2,101,"101    SUSPICIOUS_NUMBER
Name: entity_type, dtype: object",16,102,"101    ra
Name: text_value, dtype: object"
[ 91.  55. 142.  15.  43.  37.  23. 197.],2,102,"102    SUSPICIOUS_NUMBER
Name: entity_type, dtype: object",16,102,"102    ri
Name: text_value, dtype: object"
[ 91.  55. 142.  15.  43.  37.  23. 197.],2,103,"103    SUSPICIOUS_NUMBER
Name: entity_type, dtype: object",16,102,"103    rs
Name: text_value, dtype: object"
[ 91.  55. 142.  15.  43.  37.  23. 197.],2,104,"104    SUSPICIOUS_NUMBER
Name: entity_type, dtype: object",16,102,"104    r.
Name: text_value, dtype: object"
[ 91.  55. 142.  15.  43.  37.  23. 197.],2,105,"105    SUSPICIOUS_NUMBER
Name: entity_type, dtype: object",16,102,"105    re
Name: text_value, dtype: object"
[ 91.  55. 142.  15.  43.  37.  23. 197.],2,106,"106    SUSPICIOUS_NUMBER
Name: entity_type, dtype: object",16,102,"106    rd
Name: text_value, dtype: object"
[ 91.  55. 142.  15.  43.  37.  23. 197.],2,107,"107    SUSPICIOUS_NUMBER
Name: entity_type, dtype: object",16,102,"107    r 
Name: text_value, dtype: object"
[ 91.  55. 142.  15.  43.  37.  23. 197.],2,108,"108    SUSPICIOUS_NUMBER
Name: entity_type, dtype: object",16,102,"108    rm
Name: text_value, dtype: object"
[ 91.  55. 142.  15.  43.  37.  23. 197.],2,109,"109    SUSPICIOUS_NUMBER
Name: entity_type, dtype: object",16,102,"109    re
Name: text_value, dtype: object"
[ 91.  55. 142.  15.  43.  37.  23. 197.],2,110,"110    SUSPICIOUS_NUMBER
Name: entity_type, dtype: object",16,102,"110    re
Name: text_value, dtype: object"
[ 91.  55. 142.  15.  43.  37.  23. 197.],2,111,"111    SUSPICIOUS_NUMBER
Name: entity_type, dtype: object",16,102,"111    re
Name: text_value, dtype: object"
[ 91.  55. 142.  15.  43.  37.  23. 197.],2,112,"112    SUSPICIOUS_NUMBER
Name: entity_type, dtype: object",16,102,"112    rg
Name: text_value, dtype: object"
[ 91.  55. 142.  15.  43.  37.  23. 197.],2,113,"113    SUSPICIOUS_NUMBER
Name: entity_type, dtype: object",16,102,"113    r 
Name: text_value, dtype: object"
[ 91.  55. 142.  15.  43.  37.  23. 197.],2,114,"114    SUSPICIOUS_NUMBER
Name: entity_type, dtype: object",16,102,"114    r 
Name: text_value, dtype: object"
[ 91.  55. 142.  15.  43.  37.  23. 197.],2,115,"115    SUSPICIOUS_NUMBER
Name: entity_type, dtype: object",16,102,"115    rs
Name: text_value, dtype: object"
[ 91.  55. 142.  15.  43.  37.  23. 197.],2,116,"116    SUSPICIOUS_NUMBER
Name: entity_type, dtype: object",16,102,"116    rn
Name: text_value, dtype: object"
[ 91.  55. 142.  15.  43.  37.  23. 197.],2,117,"117    SUSPICIOUS_NUMBER
Name: entity_type, dtype: object",16,102,"117    re
Name: text_value, dtype: object"
[ 91.  55. 142.  15.  43.  37.  23. 197.],2,118,"118    SUSPICIOUS_NUMBER
Name: entity_type, dtype: object",16,102,"118    ri
Name: text_value, dtype: object"
[ 91.  55. 142.  15.  43.  37.  23. 197.],2,119,"119    SUSPICIOUS_NUMBER
Name: entity_type, dtype: object",16,102,"119    rt
Name: text_value, dtype: object"
[ 91.  55. 142.  15.  43.  37.  23. 197.],2,120,"120    SUSPICIOUS_NUMBER
Name: entity_type, dtype: object",16,102,"120    r 
Name: text_value, dtype: object"
[ 91.  55. 142.  15.  43.  37.  23. 197.],2,121,"121    SUSPICIOUS_NUMBER
Name: entity_type, dtype: object",16,102,"121    rt
Name: text_value, dtype: object"
[ 91.  55. 142.  15.  43.  37.  23. 197.],2,122,"122    SUSPICIOUS_NUMBER
Name: entity_type, dtype: object",16,102,"122    rt
Name: text_value, dtype: object"
[ 91.  55. 142.  15.  43.  37.  23. 197.],2,123,"123    SUSPICIOUS_NUMBER
Name: entity_type, dtype: object",16,102,"123    r 
Name: text_value, dtype: object"
[ 91.  55. 142.  15.  43.  37.  23. 197.],2,124,"124    SUSPICIOUS_NUMBER
Name: entity_type, dtype: object",16,102,"124    ry
Name: text_value, dtype: object"
[ 91.  55. 142.  15.  43.  37.  23. 197.],2,125,"125    SUSPICIOUS_NUMBER
Name: entity_type, dtype: object",16,102,"125    r 
Name: text_value, dtype: object"
[ 91.  55. 142.  15.  43.  37.  23. 197.],2,126,"126    SUSPICIOUS_NUMBER
Name: entity_type, dtype: object",16,102,"126    rt
Name: text_value, dtype: object"
[ 91.  55. 142.  15.  43.  37.  23. 197.],2,127,"127    SUSPICIOUS_NUMBER
Name: entity_type, dtype: object",16,102,"127    ro
Name: text_value, dtype: object"
[ 91.  55. 142.  15.  43.  37.  23. 197.],2,128,"128    SUSPICIOUS_NUMBER
Name: entity_type, dtype: object",16,102,"128    rl
Name: text_value, dtype: object"
[ 91.  55. 142.  15.  43.  37.  23. 197.],2,129,"129    SUSPICIOUS_NUMBER
Name: entity_type, dtype: object",16,102,"129    ri
Name: text_value, dtype: object"
[ 91.  55. 142.  15.  43.  37.  23. 197.],2,130,"130    SUSPICIOUS_NUMBER
Name: entity_type, dtype: object",16,102,"130    re
Name: text_value, dtype: object"
[ 91.  55. 142.  15.  43.  37.  23. 197.],2,131,"131    SUSPICIOUS_NUMBER
Name: entity_type, dtype: object",16,102,"131    rt
Name: text_value, dtype: object"
[ 91.  55. 142.  15.  43.  37.  23. 197.],2,132,"132    SUSPICIOUS_NUMBER
Name: entity_type, dtype: object",16,102,"132    ro
Name: text_value, dtype: object"
[ 91.  55. 142.  15.  43.  37.  23. 197.],2,133,"133    SUSPICIOUS_NUMBER
Name: entity_type, dtype: object",16,102,"133    ri
Name: text_value, dtype: object"
[ 91.  55. 142.  15.  43.  37.  23. 197.],2,134,"134    SUSPICIOUS_NUMBER
Name: entity_type, dtype: object",16,102,"134    ro
Name: text_value, dtype: object"
[ 91.  55. 142.  15.  43.  37.  23. 197.],2,135,"135    SUSPICIOUS_NUMBER
Name: entity_type, dtype: object",16,102,"135    ra
Name: text_value, dtype: object"
[ 91.  55. 142.  15.  43.  37.  23. 197.],2,136,"136    SUSPICIOUS_NUMBER
Name: entity_type, dtype: object",16,102,"136    ri
Name: text_value, dtype: object"
[ 91.  55. 142.  15.  43.  37.  23. 197.],2,137,"137    SUSPICIOUS_NUMBER
Name: entity_type, dtype: object",16,102,"137    rs
Name: text_value, dtype: object"
[ 91.  55. 142.  15.  43.  37.  23. 197.],2,138,"138    SUSPICIOUS_NUMBER
Name: entity_type, dtype: object",16,102,"138    r 
Name: text_value, dtype: object"
[ 91.  55. 142.  15.  43.  37.  23. 197.],2,139,"139    SUSPICIOUS_NUMBER
Name: entity_type, dtype: object",16,102,"139    re
Name: text_value, dtype: object"
[ 91.  55. 142.  15.  43.  37.  23. 197.],2,140,"140    SUSPICIOUS_NUMBER
Name: entity_type, dtype: object",16,102,"140    rd
Name: text_value, dtype: object"
[ 91.  55. 142.  15.  43.  37.  23. 197.],2,141,"141    SUSPICIOUS_NUMBER
Name: entity_type, dtype: object",16,102,"141    r 
Name: text_value, dtype: object"
[ 91.  55. 142.  15.  43.  37.  23. 197.],2,142,"142    SUSPICIOUS_NUMBER
Name: entity_type, dtype: object",16,102,"142    rm
Name: text_value, dtype: object"
[ 91.  55. 142.  15.  43.  37.  23. 197.],2,143,"143    SUSPICIOUS_NUMBER
Name: entity_type, dtype: object",16,102,"143    re
Name: text_value, dtype: object"
[ 91.  55. 142.  15.  43.  37.  23. 197.],2,144,"144    SUSPICIOUS_NUMBER
Name: entity_type, dtype: object",16,102,"144    re
Name: text_value, dtype: object"
[ 91.  55. 142.  15.  43.  37.  23. 197.],2,145,"145    SUSPICIOUS_NUMBER
Name: entity_type, dtype: object",16,102,"145    re
Name: text_value, dtype: object"
[ 91.  55. 142.  15.  43.  37.  23. 197.],2,146,"146    SUSPICIOUS_NUMBER
Name: entity_type, dtype: object",16,102,"146    rg
Name: text_value, dtype: object"
[162.  13. 305.   6.  44.   3.  30. 152.],3,147,"147    PRODUCT
Name: entity_type, dtype: object",16,32,"147    30309\n\n(404
Name: text_value, dtype: object"
[162.  13. 305.   6.  44.   3.  30. 152.],3,148,"148    CARDINAL
Name: entity_type, dtype: object",16,32,"148    881
Name: text_value, dtype: object"
[162.  13. 305.   6.  44.   3.  30. 152.],3,149,"149    PHONE_NUMBER
Name: entity_type, dtype: object",16,32,"149    881-8900
Name: text_value, dtype: object"
[162.  13. 305.   6.  44.   3.  30. 152.],3,150,"150    PHONE_NUMBER
Name: entity_type, dtype: object",16,32,"150    881 8900
Name: text_value, dtype: object"
[162.  13. 305.   6.  44.   3.  30. 152.],3,151,"151    CARDINAL
Name: entity_type, dtype: object",16,32,"151    881
Name: text_value, dtype: object"
[162.  13. 305.   6.  44.   3.  30. 152.],3,152,"152    PERSON
Name: entity_type, dtype: object",16,32,"152    Fax)\n\nrshields6dsckd.com\n\nBRUCE R. ANDERSON
Name: text_value, dtype: object"
[162.  13. 305.   6.  44.   3.  30. 152.],3,153,"153    PERSON
Name: entity_type, dtype: object",16,32,"153    JR
Name: text_value, dtype: object"
[162.  13. 305.   6.  44.   3.  30. 152.],3,154,"154    PHONE_NUMBER
Name: entity_type, dtype: object",16,32,"154    881-3007
Name: text_value, dtype: object"
[162.  13. 305.   6.  44.   3.  30. 152.],3,155,"155    PHONE_NUMBER
Name: entity_type, dtype: object",16,32,"155    881 3007
Name: text_value, dtype: object"
[162.  13. 305.   6.  44.   3.  30. 152.],3,156,"156    SUSPICIOUS_NUMBER
Name: entity_type, dtype: object",16,32,"156    rs
Name: text_value, dtype: object"
[162.  13. 305.   6.  44.   3.  30. 152.],3,157,"157    SUSPICIOUS_NUMBER
Name: entity_type, dtype: object",16,32,"157    rs
Name: text_value, dtype: object"
[162.  13. 305.   6.  44.   3.  30. 152.],3,158,"158    PERSON
Name: entity_type, dtype: object",16,32,"158    ESQUIRE Terrell
Name: text_value, dtype: object"
[162.  13. 305.   6.  44.   3.  30. 152.],3,159,"159    ORG
Name: entity_type, dtype: object",16,32,"159    Hogan Ellis Yegelwel
Name: text_value, dtype: object"
[162.  13. 305.   6.  44.   3.  30. 152.],3,160,"160    GPE
Name: entity_type, dtype: object",16,32,"160    P.A.
Name: text_value, dtype: object"
[162.  13. 305.   6.  44.   3.  30. 152.],3,162,"162    LOC
Name: entity_type, dtype: object",16,32,"162    East Bay
Name: text_value, dtype: object"
[162.  13. 305.   6.  44.   3.  30. 152.],3,163,"163    ORDINAL
Name: entity_type, dtype: object",16,32,"163    8th
Name: text_value, dtype: object"
[162.  13. 305.   6.  44.   3.  30. 152.],3,164,"164    GPE
Name: entity_type, dtype: object",16,32,"164    Floor Jacksonville
Name: text_value, dtype: object"
[162.  13. 305.   6.  44.   3.  30. 152.],3,165,"165    GPE
Name: entity_type, dtype: object",16,32,"165    Florida
Name: text_value, dtype: object"
[162.  13. 305.   6.  44.   3.  30. 152.],3,168,"168    SUSPICIOUS_NUMBER
Name: entity_type, dtype: object",16,32,"168    rr
Name: text_value, dtype: object"
[162.  13. 305.   6.  44.   3.  30. 152.],3,169,"169    SUSPICIOUS_NUMBER
Name: entity_type, dtype: object",16,32,"169    re
Name: text_value, dtype: object"
[162.  13. 305.   6.  44.   3.  30. 152.],3,170,"170    SUSPICIOUS_NUMBER
Name: entity_type, dtype: object",16,32,"170    r 
Name: text_value, dtype: object"
[162.  13. 305.   6.  44.   3.  30. 152.],3,171,"171    SUSPICIOUS_NUMBER
Name: entity_type, dtype: object",16,32,"171    ri
Name: text_value, dtype: object"
[162.  13. 305.   6.  44.   3.  30. 152.],3,172,"172    SUSPICIOUS_NUMBER
Name: entity_type, dtype: object",16,32,"172    rr
Name: text_value, dtype: object"
[162.  13. 305.   6.  44.   3.  30. 152.],3,173,"173    SUSPICIOUS_NUMBER
Name: entity_type, dtype: object",16,32,"173    re
Name: text_value, dtype: object"
[162.  13. 305.   6.  44.   3.  30. 152.],3,174,"174    SUSPICIOUS_NUMBER
Name: entity_type, dtype: object",16,32,"174    r 
Name: text_value, dtype: object"
[162.  13. 305.   6.  44.   3.  30. 152.],3,175,"175    SUSPICIOUS_NUMBER
Name: entity_type, dtype: object",16,32,"175    ri
Name: text_value, dtype: object"
[162.  13. 305.   6.  44.   3.  30. 152.],3,176,"176    CARDINAL
Name: entity_type, dtype: object",16,32,"176    632
Name: text_value, dtype: object"
[162.  13. 305.   6.  44.   3.  30. 152.],3,177,"177    PHONE_NUMBER
Name: entity_type, dtype: object",16,32,"177    632-2424
Name: text_value, dtype: object"
[162.  13. 305.   6.  44.   3.  30. 152.],3,178,"178    PHONE_NUMBER
Name: entity_type, dtype: object",16,32,"178    632 2424
Name: text_value, dtype: object"
[162.  13. 305.   6.  44.   3.  30. 152.],3,179,"179    CARDINAL
Name: entity_type, dtype: object",16,32,"179    632
Name: text_value, dtype: object"
[162.  13. 305.   6.  44.   3.  30. 152.],3,180,"180    PHONE_NUMBER
Name: entity_type, dtype: object",16,32,"180    632-0549
Name: text_value, dtype: object"
[162.  13. 305.   6.  44.   3.  30. 152.],3,181,"181    PHONE_NUMBER
Name: entity_type, dtype: object",16,32,"181    632 0549
Name: text_value, dtype: object"
[199.  47. 338.   0.  48.  57.  38.  45.],4,161,"161    CARDINAL
Name: entity_type, dtype: object",16,20,"161    233
Name: text_value, dtype: object"
[199.  47. 338.   0.  48.  57.  38.  45.],4,166,"166    DATE
Name: entity_type, dtype: object",16,20,"166    ('ida', '32202')
Name: text_value, dtype: object"
[199.  47. 338.   0.  48.  57.  38.  45.],4,167,"167    DATE
Name: entity_type, dtype: object",16,20,"167    ('ida', '32202')
Name: text_value, dtype: object"
[199.  47. 338.   0.  48.  57.  38.  45.],4,186,"186    CARDINAL
Name: entity_type, dtype: object",16,20,"186    444
Name: text_value, dtype: object"
[199.  47. 338.   0.  48.  57.  38.  45.],4,191,"191    CARDINAL
Name: entity_type, dtype: object",16,20,"191    32202
Name: text_value, dtype: object"
[199.  47. 338.   0.  48.  57.  38.  45.],4,193,"193    CARDINAL
Name: entity_type, dtype: object",16,20,"193    446
Name: text_value, dtype: object"
[199.  47. 338.   0.  48.  57.  38.  45.],4,199,"199    CARDINAL
Name: entity_type, dtype: object",16,20,"199    27101
Name: text_value, dtype: object"
[199.  47. 338.   0.  48.  57.  38.  45.],4,200,"200    CARDINAL
Name: entity_type, dtype: object",16,20,"200    336
Name: text_value, dtype: object"
[199.  47. 338.   0.  48.  57.  38.  45.],4,201,"201    CARDINAL
Name: entity_type, dtype: object",16,20,"201    721-3765
Name: text_value, dtype: object"
[199.  47. 338.   0.  48.  57.  38.  45.],4,202,"202    CARDINAL
Name: entity_type, dtype: object",16,20,"202    336
Name: text_value, dtype: object"
[199.  47. 338.   0.  48.  57.  38.  45.],4,203,"203    CARDINAL
Name: entity_type, dtype: object",16,20,"203    733
Name: text_value, dtype: object"
[199.  47. 338.   0.  48.  57.  38.  45.],4,204,"204    PHONE_NUMBER
Name: entity_type, dtype: object",16,20,"204    (904) 446-9817
Name: text_value, dtype: object"
[199.  47. 338.   0.  48.  57.  38.  45.],4,205,"205    PHONE_NUMBER
Name: entity_type, dtype: object",16,20,"205    (336) 721-3765
Name: text_value, dtype: object"
[199.  47. 338.   0.  48.  57.  38.  45.],4,206,"206    PHONE_NUMBER
Name: entity_type, dtype: object",16,20,"206    (336) 733-8420
Name: text_value, dtype: object"
[199.  47. 338.   0.  48.  57.  38.  45.],4,207,"207    PHONE_NUMBER
Name: entity_type, dtype: object",16,20,"207    446 9817
Name: text_value, dtype: object"
[199.  47. 338.   0.  48.  57.  38.  45.],4,208,"208    PHONE_NUMBER
Name: entity_type, dtype: object",16,20,"208    721 3765
Name: text_value, dtype: object"
[199.  47. 338.   0.  48.  57.  38.  45.],4,210,"210    DATE
Name: entity_type, dtype: object",16,20,"210    ('ida', '32202')
Name: text_value, dtype: object"
[199.  47. 338.   0.  48.  57.  38.  45.],4,211,"211    DATE
Name: entity_type, dtype: object",16,20,"211    ('olina', '27101')
Name: text_value, dtype: object"
[199.  47. 338.   0.  48.  57.  38.  45.],4,212,"212    DATE
Name: entity_type, dtype: object",16,20,"212    ('ida', '32202')
Name: text_value, dtype: object"
[199.  47. 338.   0.  48.  57.  38.  45.],4,213,"213    DATE
Name: entity_type, dtype: object",16,20,"213    ('olina', '27101')
Name: text_value, dtype: object"
[216.  47. 338.  15.  48.  57.  38. 197.],5,182,"182    PERSON
Name: entity_type, dtype: object",16,46,"182    anderson@terrellhogan.com\n\nNORWOOD S. WILNER
Name: text_value, dtype: object"
[216.  47. 338.  15.  48.  57.  38. 197.],5,183,"183    PERSON
Name: entity_type, dtype: object",16,46,"183    ESQUIRE JANNA M. BLASINOAME
Name: text_value, dtype: object"
[216.  47. 338.  15.  48.  57.  38. 197.],5,184,"184    ORG
Name: entity_type, dtype: object",16,46,"184    ESQUIRE Wilner Hartley & Metcalf
Name: text_value, dtype: object"
[216.  47. 338.  15.  48.  57.  38. 197.],5,185,"185    GPE
Name: entity_type, dtype: object",16,46,"185    P.A.
Name: text_value, dtype: object"
[216.  47. 338.  15.  48.  57.  38. 197.],5,187,"187    FAC
Name: entity_type, dtype: object",16,46,"187    Duval Street
Name: text_value, dtype: object"
[216.  47. 338.  15.  48.  57.  38. 197.],5,188,"188    ORDINAL
Name: entity_type, dtype: object",16,46,"188    Third
Name: text_value, dtype: object"
[216.  47. 338.  15.  48.  57.  38. 197.],5,189,"189    GPE
Name: entity_type, dtype: object",16,46,"189    Floor Jacksonville
Name: text_value, dtype: object"
[216.  47. 338.  15.  48.  57.  38. 197.],5,190,"190    GPE
Name: entity_type, dtype: object",16,46,"190    Florida
Name: text_value, dtype: object"
[216.  47. 338.  15.  48.  57.  38. 197.],5,192,"192    CARDINAL
Name: entity_type, dtype: object",16,46,"192    904
Name: text_value, dtype: object"
[216.  47. 338.  15.  48.  57.  38. 197.],5,194,"194    PERSON
Name: entity_type, dtype: object",16,46,"194    R. J. Reynolds Tobacco Company:\n\nWILLIAM E. ...
Name: text_value, dtype: object"
[216.  47. 338.  15.  48.  57.  38. 197.],5,195,"195    ORG
Name: entity_type, dtype: object",16,46,"195    ESQUIRE Womble Carlyle Sandridge & Rice
Name: text_value, dtype: object"
[216.  47. 338.  15.  48.  57.  38. 197.],5,196,"196    ORDINAL
Name: entity_type, dtype: object",16,46,"196    Fourth
Name: text_value, dtype: object"
[216.  47. 338.  15.  48.  57.  38. 197.],5,197,"197    GPE
Name: entity_type, dtype: object",16,46,"197    Salem
Name: text_value, dtype: object"
[216.  47. 338.  15.  48.  57.  38. 197.],5,198,"198    GPE
Name: entity_type, dtype: object",16,46,"198    North Carolina
Name: text_value, dtype: object"
[216.  47. 338.  15.  48.  57.  38. 197.],5,209,"209    PHONE_NUMBER
Name: entity_type, dtype: object",16,46,"209    733 8420
Name: text_value, dtype: object"
[216.  47. 338.  15.  48.  57.  38. 197.],5,214,"214    SUSPICIOUS_NUMBER
Name: entity_type, dtype: object",16,46,"214    rs
Name: text_value, dtype: object"
[216.  47. 338.  15.  48.  57.  38. 197.],5,215,"215    SUSPICIOUS_NUMBER
Name: entity_type, dtype: object",16,46,"215    rr
Name: text_value, dtype: object"
[216.  47. 338.  15.  48.  57.  38. 197.],5,216,"216    SUSPICIOUS_NUMBER
Name: entity_type, dtype: object",16,46,"216    r 
Name: text_value, dtype: object"
[216.  47. 338.  15.  48.  57.  38. 197.],5,217,"217    SUSPICIOUS_NUMBER
Name: entity_type, dtype: object",16,46,"217    rt
Name: text_value, dtype: object"
[216.  47. 338.  15.  48.  57.  38. 197.],5,218,"218    SUSPICIOUS_NUMBER
Name: entity_type, dtype: object",16,46,"218    re
Name: text_value, dtype: object"
[216.  47. 338.  15.  48.  57.  38. 197.],5,219,"219    SUSPICIOUS_NUMBER
Name: entity_type, dtype: object",16,46,"219    rd
Name: text_value, dtype: object"
[216.  47. 338.  15.  48.  57.  38. 197.],5,220,"220    SUSPICIOUS_NUMBER
Name: entity_type, dtype: object",16,46,"220    r 
Name: text_value, dtype: object"
[216.  47. 338.  15.  48.  57.  38. 197.],5,221,"221    SUSPICIOUS_NUMBER
Name: entity_type, dtype: object",16,46,"221    ri
Name: text_value, dtype: object"
[216.  47. 338.  15.  48.  57.  38. 197.],5,222,"222    SUSPICIOUS_NUMBER
Name: entity_type, dtype: object",16,46,"222    r@
Name: text_value, dtype: object"
[216.  47. 338.  15.  48.  57.  38. 197.],5,223,"223    SUSPICIOUS_NUMBER
Name: entity_type, dtype: object",16,46,"223    rl
Name: text_value, dtype: object"
[216.  47. 338.  15.  48.  57.  38. 197.],5,224,"224    SUSPICIOUS_NUMBER
Name: entity_type, dtype: object",16,46,"224    ri
Name: text_value, dtype: object"
[216.  47. 338.  15.  48.  57.  38. 197.],5,225,"225    SUSPICIOUS_NUMBER
Name: entity_type, dtype: object",16,46,"225    rt
Name: text_value, dtype: object"
[216.  47. 338.  15.  48.  57.  38. 197.],5,226,"226    SUSPICIOUS_NUMBER
Name: entity_type, dtype: object",16,46,"226    re
Name: text_value, dtype: object"
[216.  47. 338.  15.  48.  57.  38. 197.],5,227,"227    SUSPICIOUS_NUMBER
Name: entity_type, dtype: object",16,46,"227    rt
Name: text_value, dtype: object"
[216.  47. 338.  15.  48.  57.  38. 197.],5,228,"228    SUSPICIOUS_NUMBER
Name: entity_type, dtype: object",16,46,"228    ro
Name: text_value, dtype: object"
[216.  47. 338.  15.  48.  57.  38. 197.],5,229,"229    SUSPICIOUS_NUMBER
Name: entity_type, dtype: object",16,46,"229    rs
Name: text_value, dtype: object"
[216.  47. 338.  15.  48.  57.  38. 197.],5,230,"230    SUSPICIOUS_NUMBER
Name: entity_type, dtype: object",16,46,"230    rr
Name: text_value, dtype: object"
[216.  47. 338.  15.  48.  57.  38. 197.],5,231,"231    SUSPICIOUS_NUMBER
Name: entity_type, dtype: object",16,46,"231    r 
Name: text_value, dtype: object"
[216.  47. 338.  15.  48.  57.  38. 197.],5,232,"232    SUSPICIOUS_NUMBER
Name: entity_type, dtype: object",16,46,"232    rt
Name: text_value, dtype: object"
[216.  47. 338.  15.  48.  57.  38. 197.],5,233,"233    SUSPICIOUS_NUMBER
Name: entity_type, dtype: object",16,46,"233    re
Name: text_value, dtype: object"
[216.  47. 338.  15.  48.  57.  38. 197.],5,234,"234    SUSPICIOUS_NUMBER
Name: entity_type, dtype: object",16,46,"234    rd
Name: text_value, dtype: object"
[216.  47. 338.  15.  48.  57.  38. 197.],5,235,"235    SUSPICIOUS_NUMBER
Name: entity_type, dtype: object",16,46,"235    r 
Name: text_value, dtype: object"
[216.  47. 338.  15.  48.  57.  38. 197.],5,236,"236    SUSPICIOUS_NUMBER
Name: entity_type, dtype: object",16,46,"236    ri
Name: text_value, dtype: object"
[216.  47. 338.  15.  48.  57.  38. 197.],5,237,"237    SUSPICIOUS_NUMBER
Name: entity_type, dtype: object",16,46,"237    r 
Name: text_value, dtype: object"
[216.  47. 338.  15.  48.  57.  38. 197.],5,238,"238    SUSPICIOUS_NUMBER
Name: entity_type, dtype: object",16,46,"238    rl
Name: text_value, dtype: object"
[216.  47. 338.  15.  48.  57.  38. 197.],5,239,"239    SUSPICIOUS_NUMBER
Name: entity_type, dtype: object",16,46,"239    ri
Name: text_value, dtype: object"
[216.  47. 338.  15.  48.  57.  38. 197.],5,240,"240    SUSPICIOUS_NUMBER
Name: entity_type, dtype: object",16,46,"240    rt
Name: text_value, dtype: object"
[216.  47. 338.  15.  48.  57.  38. 197.],5,241,"241    SUSPICIOUS_NUMBER
Name: entity_type, dtype: object",16,46,"241    re
Name: text_value, dtype: object"
[216.  47. 338.  15.  48.  57.  38. 197.],5,242,"242    SUSPICIOUS_NUMBER
Name: entity_type, dtype: object",16,46,"242    rt
Name: text_value, dtype: object"
[216.  47. 338.  15.  48.  57.  38. 197.],5,243,"243    SUSPICIOUS_NUMBER
Name: entity_type, dtype: object",16,46,"243    ro
Name: text_value, dtype: object"
[216.  47. 338.  15.  48.  57.  38. 197.],5,244,"244    EMAIL
Name: entity_type, dtype: object",16,46,"244    rson@terrellhogan.com\n\nNORWOOD S. WILNER, ES...
Name: text_value, dtype: object"
[254.  19. 416.  11.  40.  61.  41. 183.],6,245,"245    ORG
Name: entity_type, dtype: object",16,20,"245    wlatham@wcsr.com\n\nOn
Name: text_value, dtype: object"
[254.  19. 416.  11.  40.  61.  41. 183.],6,246,"246    ORG
Name: entity_type, dtype: object",16,20,"246    Philip Morris
Name: text_value, dtype: object"
[254.  19. 416.  11.  40.  61.  41. 183.],6,247,"247    GPE
Name: entity_type, dtype: object",16,20,"247    USA
Name: text_value, dtype: object"
[254.  19. 416.  11.  40.  61.  41. 183.],6,248,"248    PERSON
Name: entity_type, dtype: object",16,20,"248    Inc.:\n\nKENNETH J. REILLY
Name: text_value, dtype: object"
[254.  19. 416.  11.  40.  61.  41. 183.],6,249,"249    PRODUCT
Name: entity_type, dtype: object",16,20,"249    ESQUIRE Shook
Name: text_value, dtype: object"
[254.  19. 416.  11.  40.  61.  41. 183.],6,250,"250    ORG
Name: entity_type, dtype: object",16,20,"250    Hardy & Bacon
Name: text_value, dtype: object"
[254.  19. 416.  11.  40.  61.  41. 183.],6,252,"252    FAC
Name: entity_type, dtype: object",16,20,"252    Miami Center
Name: text_value, dtype: object"
[254.  19. 416.  11.  40.  61.  41. 183.],6,254,"254    PERSON
Name: entity_type, dtype: object",16,20,"254    S. Biscayne Blvd
Name: text_value, dtype: object"
[254.  19. 416.  11.  40.  61.  41. 183.],6,255,"255    SUSPICIOUS_NUMBER
Name: entity_type, dtype: object",16,20,"255    r.
Name: text_value, dtype: object"
[254.  19. 416.  11.  40.  61.  41. 183.],6,256,"256    SUSPICIOUS_NUMBER
Name: entity_type, dtype: object",16,20,"256    rr
Name: text_value, dtype: object"
[254.  19. 416.  11.  40.  61.  41. 183.],6,257,"257    SUSPICIOUS_NUMBER
Name: entity_type, dtype: object",16,20,"257    rd
Name: text_value, dtype: object"
[254.  19. 416.  11.  40.  61.  41. 183.],6,258,"258    SUSPICIOUS_NUMBER
Name: entity_type, dtype: object",16,20,"258    r 
Name: text_value, dtype: object"
[254.  19. 416.  11.  40.  61.  41. 183.],6,259,"259    SUSPICIOUS_NUMBER
Name: entity_type, dtype: object",16,20,"259    r 
Name: text_value, dtype: object"
[254.  19. 416.  11.  40.  61.  41. 183.],6,260,"260    SUSPICIOUS_NUMBER
Name: entity_type, dtype: object",16,20,"260    rr
Name: text_value, dtype: object"
[254.  19. 416.  11.  40.  61.  41. 183.],6,261,"261    SUSPICIOUS_NUMBER
Name: entity_type, dtype: object",16,20,"261    rd
Name: text_value, dtype: object"
[254.  19. 416.  11.  40.  61.  41. 183.],6,262,"262    SUSPICIOUS_NUMBER
Name: entity_type, dtype: object",16,20,"262    r 
Name: text_value, dtype: object"
[254.  19. 416.  11.  40.  61.  41. 183.],6,263,"263    GPE
Name: entity_type, dtype: object",16,20,"263    Miami
Name: text_value, dtype: object"
[254.  19. 416.  11.  40.  61.  41. 183.],6,264,"264    GPE
Name: entity_type, dtype: object",16,20,"264    Florida
Name: text_value, dtype: object"
[254.  19. 416.  11.  40.  61.  41. 183.],6,270,"270    SUSPICIOUS_NUMBER
Name: entity_type, dtype: object",16,20,"270    ri
Name: text_value, dtype: object"
[254.  19. 416.  11.  40.  61.  41. 183.],6,271,"271    SUSPICIOUS_NUMBER
Name: entity_type, dtype: object",16,20,"271    ri
Name: text_value, dtype: object"
[285.   3. 479.   1.  26.   5.  35.  30.],7,251,"251    CARDINAL
Name: entity_type, dtype: object",16,28,"251    2400
Name: text_value, dtype: object"
[285.   3. 479.   1.  26.   5.  35.  30.],7,253,"253    CARDINAL
Name: entity_type, dtype: object",16,28,"253    201
Name: text_value, dtype: object"
[285.   3. 479.   1.  26.   5.  35.  30.],7,265,"265    DATE
Name: entity_type, dtype: object",16,28,"265    20004-1305
Name: text_value, dtype: object"
[285.   3. 479.   1.  26.   5.  35.  30.],7,266,"266    PHONE_NUMBER
Name: entity_type, dtype: object",16,28,"266    004-1305
Name: text_value, dtype: object"
[285.   3. 479.   1.  26.   5.  35.  30.],7,267,"267    PHONE_NUMBER
Name: entity_type, dtype: object",16,28,"267    004 1305
Name: text_value, dtype: object"
[285.   3. 479.   1.  26.   5.  35.  30.],7,268,"268    DATE
Name: entity_type, dtype: object",16,28,"268    ('ida', '20004')
Name: text_value, dtype: object"
[285.   3. 479.   1.  26.   5.  35.  30.],7,269,"269    DATE
Name: entity_type, dtype: object",16,28,"269    ('ida', '20004')
Name: text_value, dtype: object"
[285.   3. 479.   1.  26.   5.  35.  30.],7,272,"272    CARDINAL
Name: entity_type, dtype: object",16,28,"272    305
Name: text_value, dtype: object"
[285.   3. 479.   1.  26.   5.  35.  30.],7,273,"273    CARDINAL
Name: entity_type, dtype: object",16,28,"273    358
Name: text_value, dtype: object"
[285.   3. 479.   1.  26.   5.  35.  30.],7,274,"274    PHONE_NUMBER
Name: entity_type, dtype: object",16,28,"274    (305) 358-5171
Name: text_value, dtype: object"
[285.   3. 479.   1.  26.   5.  35.  30.],7,275,"275    PHONE_NUMBER
Name: entity_type, dtype: object",16,28,"275    358 5171
Name: text_value, dtype: object"
[285.   3. 479.   1.  26.   5.  35.  30.],7,276,"276    CARDINAL
Name: entity_type, dtype: object",16,28,"276    305
Name: text_value, dtype: object"
[285.   3. 479.   1.  26.   5.  35.  30.],7,277,"277    CARDINAL
Name: entity_type, dtype: object",16,28,"277    358
Name: text_value, dtype: object"
[285.   3. 479.   1.  26.   5.  35.  30.],7,278,"278    CARDINAL
Name: entity_type, dtype: object",16,28,"278    279
Name: text_value, dtype: object"
[285.   3. 479.   1.  26.   5.  35.  30.],7,279,"279    PHONE_NUMBER
Name: entity_type, dtype: object",16,28,"279    (305) 358-7470
Name: text_value, dtype: object"
[285.   3. 479.   1.  26.   5.  35.  30.],7,280,"280    PHONE_NUMBER
Name: entity_type, dtype: object",16,28,"280    279-9424
Name: text_value, dtype: object"
[285.   3. 479.   1.  26.   5.  35.  30.],7,281,"281    PHONE_NUMBER
Name: entity_type, dtype: object",16,28,"281    358 7470
Name: text_value, dtype: object"
[285.   3. 479.   1.  26.   5.  35.  30.],7,282,"282    PHONE_NUMBER
Name: entity_type, dtype: object",16,28,"282    279 9424
Name: text_value, dtype: object"
[285.   3. 479.   1.  26.   5.  35.  30.],7,285,"285    DATE
Name: entity_type, dtype: object",16,28,"285    1968
Name: text_value, dtype: object"
[285.   3. 479.   1.  26.   5.  35.  30.],7,287,"287    CARDINAL
Name: entity_type, dtype: object",16,28,"287    276\n\nTobacco
Name: text_value, dtype: object"
[285.   3. 479.   1.  26.   5.  35.  30.],7,288,"288    PHONE_NUMBER
Name: entity_type, dtype: object",16,28,"288    0000008
Name: text_value, dtype: object"
[285.   3. 479.   1.  26.   5.  35.  30.],7,289,"289    PHONE_NUMBER
Name: entity_type, dtype: object",16,28,"289    0000008
Name: text_value, dtype: object"
[285.   3. 479.   1.  26.   5.  35.  30.],7,290,"290    DATE
Name: entity_type, dtype: object",16,28,"290    ('ican', '276')
Name: text_value, dtype: object"
[285.   3. 479.   1.  26.   5.  35.  30.],7,295,"295    CARDINAL
Name: entity_type, dtype: object",16,28,"295    0001\n\n212-279-9424\n\nVERITEXT
Name: text_value, dtype: object"
[285.   3. 479.   1.  26.   5.  35.  30.],7,296,"296    PHONE_NUMBER
Name: entity_type, dtype: object",16,28,"296    279-9424
Name: text_value, dtype: object"
[285.   3. 479.   1.  26.   5.  35.  30.],7,297,"297    PHONE_NUMBER
Name: entity_type, dtype: object",16,28,"297    279 9424
Name: text_value, dtype: object"
[285.   3. 479.   1.  26.   5.  35.  30.],7,302,"302    PHONE_NUMBER
Name: entity_type, dtype: object",16,28,"302    279-9424
Name: text_value, dtype: object"
[285.   3. 479.   1.  26.   5.  35.  30.],7,303,"303    PHONE_NUMBER
Name: entity_type, dtype: object",16,28,"303    279 9424
Name: text_value, dtype: object"
[311.   0. 509.  15.  -1.   8.  59. 213.],8,283,"283    SUSPICIOUS_NUMBER
Name: entity_type, dtype: object",16,24,"283    ri
Name: text_value, dtype: object"
[311.   0. 509.  15.  -1.   8.  59. 213.],8,284,"284    SUSPICIOUS_NUMBER
Name: entity_type, dtype: object",16,24,"284    ri
Name: text_value, dtype: object"
[311.   0. 509.  15.  -1.   8.  59. 213.],8,291,"291    SUSPICIOUS_NUMBER
Name: entity_type, dtype: object",16,24,"291    rt
Name: text_value, dtype: object"
[311.   0. 509.  15.  -1.   8.  59. 213.],8,292,"292    SUSPICIOUS_NUMBER
Name: entity_type, dtype: object",16,24,"292    ri
Name: text_value, dtype: object"
[311.   0. 509.  15.  -1.   8.  59. 213.],8,293,"293    SUSPICIOUS_NUMBER
Name: entity_type, dtype: object",16,24,"293    rt
Name: text_value, dtype: object"
[311.   0. 509.  15.  -1.   8.  59. 213.],8,294,"294    SUSPICIOUS_NUMBER
Name: entity_type, dtype: object",16,24,"294    ri
Name: text_value, dtype: object"
[311.   0. 509.  15.  -1.   8.  59. 213.],8,300,"300    SUSPICIOUS_NUMBER
Name: entity_type, dtype: object",16,24,"300    ri
Name: text_value, dtype: object"
[311.   0. 509.  15.  -1.   8.  59. 213.],8,301,"301    SUSPICIOUS_NUMBER
Name: entity_type, dtype: object",16,24,"301    ri
Name: text_value, dtype: object"
[311.   0. 509.  15.  -1.   8.  59. 213.],8,304,"304    SUSPICIOUS_NUMBER
Name: entity_type, dtype: object",16,24,"304    ri
Name: text_value, dtype: object"
[311.   0. 509.  15.  -1.   8.  59. 213.],8,305,"305    SUSPICIOUS_NUMBER
Name: entity_type, dtype: object",16,24,"305    ri
Name: text_value, dtype: object"
[311.   0. 509.  15.  -1.   8.  59. 213.],8,308,"308    SUSPICIOUS_NUMBER
Name: entity_type, dtype: object",16,24,"308    r=
Name: text_value, dtype: object"
[311.   0. 509.  15.  -1.   8.  59. 213.],8,309,"309    SUSPICIOUS_NUMBER
Name: entity_type, dtype: object",16,24,"309    rs
Name: text_value, dtype: object"
[311.   0. 509.  15.  -1.   8.  59. 213.],8,310,"310    SUSPICIOUS_NUMBER
Name: entity_type, dtype: object",16,24,"310    r 
Name: text_value, dtype: object"
[311.   0. 509.  15.  -1.   8.  59. 213.],8,311,"311    SUSPICIOUS_NUMBER
Name: entity_type, dtype: object",16,24,"311    rs
Name: text_value, dtype: object"
[311.   0. 509.  15.  -1.   8.  59. 213.],8,330,"330    SUSPICIOUS_NUMBER
Name: entity_type, dtype: object",16,24,"330    rs
Name: text_value, dtype: object"
[311.   0. 509.  15.  -1.   8.  59. 213.],8,331,"331    SUSPICIOUS_NUMBER
Name: entity_type, dtype: object",16,24,"331    rs
Name: text_value, dtype: object"
[311.   0. 509.  15.  -1.   8.  59. 213.],8,338,"338    SUSPICIOUS_NUMBER
Name: entity_type, dtype: object",16,24,"338    rs
Name: text_value, dtype: object"
[311.   0. 509.  15.  -1.   8.  59. 213.],8,339,"339    SUSPICIOUS_NUMBER
Name: entity_type, dtype: object",16,24,"339    rs
Name: text_value, dtype: object"
[311.   0. 509.  15.  -1.   8.  59. 213.],8,342,"342    SUSPICIOUS_NUMBER
Name: entity_type, dtype: object",16,24,"342    rs
Name: text_value, dtype: object"
[311.   0. 509.  15.  -1.   8.  59. 213.],8,343,"343    SUSPICIOUS_NUMBER
Name: entity_type, dtype: object",16,24,"343    rs
Name: text_value, dtype: object"
[311.   0. 509.  15.  -1.   8.  59. 213.],8,347,"347    SUSPICIOUS_NUMBER
Name: entity_type, dtype: object",16,24,"347    re
Name: text_value, dtype: object"
[311.   0. 509.  15.  -1.   8.  59. 213.],8,348,"348    SUSPICIOUS_NUMBER
Name: entity_type, dtype: object",16,24,"348    re
Name: text_value, dtype: object"
[311.   0. 509.  15.  -1.   8.  59. 213.],8,349,"349    SUSPICIOUS_NUMBER
Name: entity_type, dtype: object",16,24,"349    rt
Name: text_value, dtype: object"
[311.   0. 509.  15.  -1.   8.  59. 213.],8,350,"350    SUSPICIOUS_NUMBER
Name: entity_type, dtype: object",16,24,"350    rt
Name: text_value, dtype: object"
[318.   9. 524.   0.  19.  24.  13.  96.],9,286,"286    NORP
Name: entity_type, dtype: object",16,31,"286    American
Name: text_value, dtype: object"
[318.   9. 524.   0.  19.  24.  13.  96.],9,298,"298    PHONE_NUMBER
Name: entity_type, dtype: object",16,31,"298    490-3430
Name: text_value, dtype: object"
[318.   9. 524.   0.  19.  24.  13.  96.],9,299,"299    PHONE_NUMBER
Name: entity_type, dtype: object",16,31,"299    490 3430
Name: text_value, dtype: object"
[318.   9. 524.   0.  19.  24.  13.  96.],9,306,"306    PHONE_NUMBER
Name: entity_type, dtype: object",16,31,"306    490-3430
Name: text_value, dtype: object"
[318.   9. 524.   0.  19.  24.  13.  96.],9,307,"307    PHONE_NUMBER
Name: entity_type, dtype: object",16,31,"307    490 3430
Name: text_value, dtype: object"
[318.   9. 524.   0.  19.  24.  13.  96.],9,312,"312    FAC
Name: entity_type, dtype: object",16,31,"312    44\n\n367:10
Name: text_value, dtype: object"
[318.   9. 524.   0.  19.  24.  13.  96.],9,313,"313    CARDINAL
Name: entity_type, dtype: object",16,31,"313    385:7,23
Name: text_value, dtype: object"
[318.   9. 524.   0.  19.  24.  13.  96.],9,314,"314    CARDINAL
Name: entity_type, dtype: object",16,31,"314    386:1
Name: text_value, dtype: object"
[318.   9. 524.   0.  19.  24.  13.  96.],9,315,"315    CARDINAL
Name: entity_type, dtype: object",16,31,"315    431:17
Name: text_value, dtype: object"
[318.   9. 524.   0.  19.  24.  13.  96.],9,316,"316    CARDINAL
Name: entity_type, dtype: object",16,31,"316    434:19
Name: text_value, dtype: object"
[318.   9. 524.   0.  19.  24.  13.  96.],9,317,"317    PRODUCT
Name: entity_type, dtype: object",16,31,"317    449:10
Name: text_value, dtype: object"
[318.   9. 524.   0.  19.  24.  13.  96.],9,318,"318    CARDINAL
Name: entity_type, dtype: object",16,31,"318    450:22
Name: text_value, dtype: object"
[318.   9. 524.   0.  19.  24.  13.  96.],9,319,"319    PRODUCT
Name: entity_type, dtype: object",16,31,"319    457:18
Name: text_value, dtype: object"
[318.   9. 524.   0.  19.  24.  13.  96.],9,320,"320    QUANTITY
Name: entity_type, dtype: object",16,31,"320    464:1465:25
Name: text_value, dtype: object"
[318.   9. 524.   0.  19.  24.  13.  96.],9,321,"321    CARDINAL
Name: entity_type, dtype: object",16,31,"321    468:21481:12
Name: text_value, dtype: object"
[318.   9. 524.   0.  19.  24.  13.  96.],9,322,"322    CARDINAL
Name: entity_type, dtype: object",16,31,"322    483:17
Name: text_value, dtype: object"
[318.   9. 524.   0.  19.  24.  13.  96.],9,323,"323    CARDINAL
Name: entity_type, dtype: object",16,31,"323    487:11
Name: text_value, dtype: object"
[318.   9. 524.   0.  19.  24.  13.  96.],9,324,"324    CARDINAL
Name: entity_type, dtype: object",16,31,"324    494:24
Name: text_value, dtype: object"
[318.   9. 524.   0.  19.  24.  13.  96.],9,325,"325    PHONE_NUMBER
Name: entity_type, dtype: object",16,31,"325    464 1465
Name: text_value, dtype: object"
[318.   9. 524.   0.  19.  24.  13.  96.],9,326,"326    PHONE_NUMBER
Name: entity_type, dtype: object",16,31,"326    468 2148
Name: text_value, dtype: object"
[318.   9. 524.   0.  19.  24.  13.  96.],9,327,"327    ORG
Name: entity_type, dtype: object",16,31,"327    495:5
Name: text_value, dtype: object"
[318.   9. 524.   0.  19.  24.  13.  96.],9,328,"328    CARDINAL
Name: entity_type, dtype: object",16,31,"328    507:9
Name: text_value, dtype: object"
[318.   9. 524.   0.  19.  24.  13.  96.],9,329,"329    CARDINAL
Name: entity_type, dtype: object",16,31,"329    507:10
Name: text_value, dtype: object"
[318.   9. 524.   0.  19.  24.  13.  96.],9,332,"332    CARDINAL
Name: entity_type, dtype: object",16,31,"332    358:20
Name: text_value, dtype: object"
[318.   9. 524.   0.  19.  24.  13.  96.],9,333,"333    CARDINAL
Name: entity_type, dtype: object",16,31,"333    431:10437:12
Name: text_value, dtype: object"
[318.   9. 524.   0.  19.  24.  13.  96.],9,334,"334    CARDINAL
Name: entity_type, dtype: object",16,31,"334    488:8
Name: text_value, dtype: object"
[318.   9. 524.   0.  19.  24.  13.  96.],9,335,"335    PHONE_NUMBER
Name: entity_type, dtype: object",16,31,"335    431 1043
Name: text_value, dtype: object"
[318.   9. 524.   0.  19.  24.  13.  96.],9,336,"336    CARDINAL
Name: entity_type, dtype: object",16,31,"336    493:10 495:9
Name: text_value, dtype: object"
[318.   9. 524.   0.  19.  24.  13.  96.],9,340,"340    CARDINAL
Name: entity_type, dtype: object",16,31,"340    424:12\n\n495:13
Name: text_value, dtype: object"
[318.   9. 524.   0.  19.  24.  13.  96.],9,344,"344    CARDINAL
Name: entity_type, dtype: object",16,31,"344    416:23
Name: text_value, dtype: object"
[318.   9. 524.   0.  19.  24.  13.  96.],9,345,"345    CARDINAL
Name: entity_type, dtype: object",16,31,"345    404:1
Name: text_value, dtype: object"
[373.   1. 594.   0.   6.  20.  56.  46.],10,337,"337    ORG
Name: entity_type, dtype: object",16,31,"337      
Name: text_value, dtype: object"
[373.   1. 594.   0.   6.  20.  56.  46.],10,341,"341    DATE
Name: entity_type, dtype: object",16,31,"341    ('stood', '424')
Name: text_value, dtype: object"
[373.   1. 594.   0.   6.  20.  56.  46.],10,346,"346    ORG
Name: entity_type, dtype: object",16,31,"346      
Name: text_value, dtype: object"
[373.   1. 594.   0.   6.  20.  56.  46.],10,351,"351    PERSON
Name: entity_type, dtype: object",16,31,"351    304:15\n\n385:3
Name: text_value, dtype: object"
[373.   1. 594.   0.   6.  20.  56.  46.],10,352,"352    CARDINAL
Name: entity_type, dtype: object",16,31,"352    289:22
Name: text_value, dtype: object"
[373.   1. 594.   0.   6.  20.  56.  46.],10,353,"353    CARDINAL
Name: entity_type, dtype: object",16,31,"353    304:8
Name: text_value, dtype: object"
[373.   1. 594.   0.   6.  20.  56.  46.],10,354,"354    CARDINAL
Name: entity_type, dtype: object",16,31,"354    306:2 309:17
Name: text_value, dtype: object"
[373.   1. 594.   0.   6.  20.  56.  46.],10,355,"355    CARDINAL
Name: entity_type, dtype: object",16,31,"355    310:8,19
Name: text_value, dtype: object"
[373.   1. 594.   0.   6.  20.  56.  46.],10,356,"356    CARDINAL
Name: entity_type, dtype: object",16,31,"356    311:21312:12,22
Name: text_value, dtype: object"
[373.   1. 594.   0.   6.  20.  56.  46.],10,357,"357    CARDINAL
Name: entity_type, dtype: object",16,31,"357    319:18,24
Name: text_value, dtype: object"
[373.   1. 594.   0.   6.  20.  56.  46.],10,358,"358    PHONE_NUMBER
Name: entity_type, dtype: object",16,31,"358    311 2131
Name: text_value, dtype: object"
[373.   1. 594.   0.   6.  20.  56.  46.],10,359,"359    CARDINAL
Name: entity_type, dtype: object",16,31,"359    320:14 321:19
Name: text_value, dtype: object"
[373.   1. 594.   0.   6.  20.  56.  46.],10,360,"360    CARDINAL
Name: entity_type, dtype: object",16,31,"360    341:15
Name: text_value, dtype: object"
[373.   1. 594.   0.   6.  20.  56.  46.],10,361,"361    CARDINAL
Name: entity_type, dtype: object",16,31,"361    345:17
Name: text_value, dtype: object"
[373.   1. 594.   0.   6.  20.  56.  46.],10,362,"362    CARDINAL
Name: entity_type, dtype: object",16,31,"362    346:5,16
Name: text_value, dtype: object"
[373.   1. 594.   0.   6.  20.  56.  46.],10,363,"363    CARDINAL
Name: entity_type, dtype: object",16,31,"363    347:8,20
Name: text_value, dtype: object"
[373.   1. 594.   0.   6.  20.  56.  46.],10,364,"364    CARDINAL
Name: entity_type, dtype: object",16,31,"364    403:19
Name: text_value, dtype: object"
[373.   1. 594.   0.   6.  20.  56.  46.],10,365,"365    DATE
Name: entity_type, dtype: object",16,31,"365    ('sally', '403')
Name: text_value, dtype: object"
[373.   1. 594.   0.   6.  20.  56.  46.],10,370,"370    DATE
Name: entity_type, dtype: object",16,31,"370    ('sity', '400')
Name: text_value, dtype: object"
[373.   1. 594.   0.   6.  20.  56.  46.],10,373,"373    CARDINAL
Name: entity_type, dtype: object",16,31,"373    276:21
Name: text_value, dtype: object"
[373.   1. 594.   0.   6.  20.  56.  46.],10,376,"376    CARDINAL
Name: entity_type, dtype: object",16,31,"376    277:24
Name: text_value, dtype: object"
[373.   1. 594.   0.   6.  20.  56.  46.],10,377,"377    CARDINAL
Name: entity_type, dtype: object",16,31,"377    278:6
Name: text_value, dtype: object"
[373.   1. 594.   0.   6.  20.  56.  46.],10,378,"378    CARDINAL
Name: entity_type, dtype: object",16,31,"378    282:7
Name: text_value, dtype: object"
[373.   1. 594.   0.   6.  20.  56.  46.],10,379,"379    MONEY
Name: entity_type, dtype: object",16,31,"379    292:20
Name: text_value, dtype: object"
[373.   1. 594.   0.   6.  20.  56.  46.],10,380,"380    CARDINAL
Name: entity_type, dtype: object",16,31,"380    377:7\n\nusa
Name: text_value, dtype: object"
[373.   1. 594.   0.   6.  20.  56.  46.],10,381,"381    CARDINAL
Name: entity_type, dtype: object",16,31,"381    331:2\n\nusdx
Name: text_value, dtype: object"
[373.   1. 594.   0.   6.  20.  56.  46.],10,382,"382    ORG
Name: entity_type, dtype: object",16,31,"382      
Name: text_value, dtype: object"
[373.   1. 594.   0.   6.  20.  56.  46.],10,383,"383    PHONE_NUMBER
Name: entity_type, dtype: object",16,31,"383    265 2129
Name: text_value, dtype: object"
[373.   1. 594.   0.   6.  20.  56.  46.],10,389,"389    PERSON
Name: entity_type, dtype: object",16,31,"389    1956\n\nFrom\n\nRobert K. Heimann\n\nsubject
Name: text_value, dtype: object"
[373.   1. 594.   0.   6.  20.  56.  46.],10,405,"405    ORG
Name: entity_type, dtype: object",16,31,"405      Suoh
Name: text_value, dtype: object"
[373.   1. 594.   0.   6.  20.  56.  46.],10,407,"407    ORG
Name: entity_type, dtype: object",16,31,"407      
Name: text_value, dtype: object"
[416.   9. 632.  15.  37.  50.  47. 202.],11,366,"366    SUSPICIOUS_NUMBER
Name: entity_type, dtype: object",16,78,"366    rs
Name: text_value, dtype: object"
[416.   9. 632.  15.  37.  50.  47. 202.],11,367,"367    SUSPICIOUS_NUMBER
Name: entity_type, dtype: object",16,78,"367    rs
Name: text_value, dtype: object"
[416.   9. 632.  15.  37.  50.  47. 202.],11,368,"368    SUSPICIOUS_NUMBER
Name: entity_type, dtype: object",16,78,"368    rs
Name: text_value, dtype: object"
[416.   9. 632.  15.  37.  50.  47. 202.],11,369,"369    SUSPICIOUS_NUMBER
Name: entity_type, dtype: object",16,78,"369    rs
Name: text_value, dtype: object"
[416.   9. 632.  15.  37.  50.  47. 202.],11,371,"371    SUSPICIOUS_NUMBER
Name: entity_type, dtype: object",16,78,"371    rs
Name: text_value, dtype: object"
[416.   9. 632.  15.  37.  50.  47. 202.],11,372,"372    SUSPICIOUS_NUMBER
Name: entity_type, dtype: object",16,78,"372    rs
Name: text_value, dtype: object"
[416.   9. 632.  15.  37.  50.  47. 202.],11,374,"374    SUSPICIOUS_NUMBER
Name: entity_type, dtype: object",16,78,"374    r 
Name: text_value, dtype: object"
[416.   9. 632.  15.  37.  50.  47. 202.],11,375,"375    SUSPICIOUS_NUMBER
Name: entity_type, dtype: object",16,78,"375    r 
Name: text_value, dtype: object"
[416.   9. 632.  15.  37.  50.  47. 202.],11,384,"384    SUSPICIOUS_NUMBER
Name: entity_type, dtype: object",16,78,"384    r.
Name: text_value, dtype: object"
[416.   9. 632.  15.  37.  50.  47. 202.],11,385,"385    SUSPICIOUS_NUMBER
Name: entity_type, dtype: object",16,78,"385    r 
Name: text_value, dtype: object"
[416.   9. 632.  15.  37.  50.  47. 202.],11,386,"386    PERSON
Name: entity_type, dtype: object",16,78,"386    Paul H. Hahn
Name: text_value, dtype: object"
[416.   9. 632.  15.  37.  50.  47. 202.],11,387,"387    PERSON
Name: entity_type, dtype: object",16,78,"387    Alfred K.
Name: text_value, dtype: object"
[416.   9. 632.  15.  37.  50.  47. 202.],11,388,"388    DATE
Name: entity_type, dtype: object",16,78,"388    Bovden\n\ndate June 21
Name: text_value, dtype: object"
[416.   9. 632.  15.  37.  50.  47. 202.],11,390,"390    SUSPICIOUS_NUMBER
Name: entity_type, dtype: object",16,78,"390    r.
Name: text_value, dtype: object"
[416.   9. 632.  15.  37.  50.  47. 202.],11,391,"391    SUSPICIOUS_NUMBER
Name: entity_type, dtype: object",16,78,"391    re
Name: text_value, dtype: object"
[416.   9. 632.  15.  37.  50.  47. 202.],11,392,"392    SUSPICIOUS_NUMBER
Name: entity_type, dtype: object",16,78,"392    ro
Name: text_value, dtype: object"
[416.   9. 632.  15.  37.  50.  47. 202.],11,393,"393    SUSPICIOUS_NUMBER
Name: entity_type, dtype: object",16,78,"393    rt
Name: text_value, dtype: object"
[416.   9. 632.  15.  37.  50.  47. 202.],11,394,"394    SUSPICIOUS_NUMBER
Name: entity_type, dtype: object",16,78,"394    ri
Name: text_value, dtype: object"
[416.   9. 632.  15.  37.  50.  47. 202.],11,395,"395    SUSPICIOUS_NUMBER
Name: entity_type, dtype: object",16,78,"395    ra
Name: text_value, dtype: object"
[416.   9. 632.  15.  37.  50.  47. 202.],11,396,"396    SUSPICIOUS_NUMBER
Name: entity_type, dtype: object",16,78,"396    r 
Name: text_value, dtype: object"
[416.   9. 632.  15.  37.  50.  47. 202.],11,397,"397    SUSPICIOUS_NUMBER
Name: entity_type, dtype: object",16,78,"397    re
Name: text_value, dtype: object"
[416.   9. 632.  15.  37.  50.  47. 202.],11,398,"398    SUSPICIOUS_NUMBER
Name: entity_type, dtype: object",16,78,"398    ro
Name: text_value, dtype: object"
[416.   9. 632.  15.  37.  50.  47. 202.],11,399,"399    SUSPICIOUS_NUMBER
Name: entity_type, dtype: object",16,78,"399    rt
Name: text_value, dtype: object"
[416.   9. 632.  15.  37.  50.  47. 202.],11,400,"400    SUSPICIOUS_NUMBER
Name: entity_type, dtype: object",16,78,"400    ri
Name: text_value, dtype: object"
[416.   9. 632.  15.  37.  50.  47. 202.],11,401,"401    SUSPICIOUS_NUMBER
Name: entity_type, dtype: object",16,78,"401    ra
Name: text_value, dtype: object"
[416.   9. 632.  15.  37.  50.  47. 202.],11,402,"402    ORG
Name: entity_type, dtype: object",16,78,"402    Review of PR Policies
Name: text_value, dtype: object"
[416.   9. 632.  15.  37.  50.  47. 202.],11,403,"403    ORG
Name: entity_type, dtype: object",16,78,"403    \xef\xbf\xbdLong
Name: text_value, dtype: object"
[416.   9. 632.  15.  37.  50.  47. 202.],11,404,"404    NORP
Name: entity_type, dtype: object",16,78,"404    American
Name: text_value, dtype: object"
[416.   9. 632.  15.  37.  50.  47. 202.],11,406,"406    DATE
Name: entity_type, dtype: object",16,78,"406    some years
Name: text_value, dtype: object"
[416.   9. 632.  15.  37.  50.  47. 202.],11,408,"408    SUSPICIOUS_NUMBER
Name: entity_type, dtype: object",16,78,"408    re
Name: text_value, dtype: object"
[416.   9. 632.  15.  37.  50.  47. 202.],11,409,"409    SUSPICIOUS_NUMBER
Name: entity_type, dtype: object",16,78,"409    ra
Name: text_value, dtype: object"
[416.   9. 632.  15.  37.  50.  47. 202.],11,410,"410    SUSPICIOUS_NUMBER
Name: entity_type, dtype: object",16,78,"410    ra
Name: text_value, dtype: object"
[416.   9. 632.  15.  37.  50.  47. 202.],11,411,"411    SUSPICIOUS_NUMBER
Name: entity_type, dtype: object",16,78,"411    r 
Name: text_value, dtype: object"
[416.   9. 632.  15.  37.  50.  47. 202.],11,412,"412    SUSPICIOUS_NUMBER
Name: entity_type, dtype: object",16,78,"412    r 
Name: text_value, dtype: object"
[416.   9. 632.  15.  37.  50.  47. 202.],11,413,"413    SUSPICIOUS_NUMBER
Name: entity_type, dtype: object",16,78,"413    ra
Name: text_value, dtype: object"
[416.   9. 632.  15.  37.  50.  47. 202.],11,414,"414    SUSPICIOUS_NUMBER
Name: entity_type, dtype: object",16,78,"414    re
Name: text_value, dtype: object"
[416.   9. 632.  15.  37.  50.  47. 202.],11,415,"415    SUSPICIOUS_NUMBER
Name: entity_type, dtype: object",16,78,"415    ri
Name: text_value, dtype: object"
[416.   9. 632.  15.  37.  50.  47. 202.],11,416,"416    SUSPICIOUS_NUMBER
Name: entity_type, dtype: object",16,78,"416    ra
Name: text_value, dtype: object"
[416.   9. 632.  15.  37.  50.  47. 202.],11,417,"417    SUSPICIOUS_NUMBER
Name: entity_type, dtype: object",16,78,"417    r 
Name: text_value, dtype: object"
[416.   9. 632.  15.  37.  50.  47. 202.],11,418,"418    SUSPICIOUS_NUMBER
Name: entity_type, dtype: object",16,78,"418    rm
Name: text_value, dtype: object"
[416.   9. 632.  15.  37.  50.  47. 202.],11,419,"419    SUSPICIOUS_NUMBER
Name: entity_type, dtype: object",16,78,"419    ro
Name: text_value, dtype: object"
[416.   9. 632.  15.  37.  50.  47. 202.],11,420,"420    SUSPICIOUS_NUMBER
Name: entity_type, dtype: object",16,78,"420    re
Name: text_value, dtype: object"
[416.   9. 632.  15.  37.  50.  47. 202.],11,421,"421    SUSPICIOUS_NUMBER
Name: entity_type, dtype: object",16,78,"421    ra
Name: text_value, dtype: object"
[416.   9. 632.  15.  37.  50.  47. 202.],11,422,"422    SUSPICIOUS_NUMBER
Name: entity_type, dtype: object",16,78,"422    re
Name: text_value, dtype: object"
[416.   9. 632.  15.  37.  50.  47. 202.],11,423,"423    SUSPICIOUS_NUMBER
Name: entity_type, dtype: object",16,78,"423    ro
Name: text_value, dtype: object"
[416.   9. 632.  15.  37.  50.  47. 202.],11,424,"424    SUSPICIOUS_NUMBER
Name: entity_type, dtype: object",16,78,"424    re
Name: text_value, dtype: object"
[416.   9. 632.  15.  37.  50.  47. 202.],11,425,"425    SUSPICIOUS_NUMBER
Name: entity_type, dtype: object",16,78,"425    re
Name: text_value, dtype: object"
[416.   9. 632.  15.  37.  50.  47. 202.],11,426,"426    SUSPICIOUS_NUMBER
Name: entity_type, dtype: object",16,78,"426    r 
Name: text_value, dtype: object"
[416.   9. 632.  15.  37.  50.  47. 202.],11,427,"427    SUSPICIOUS_NUMBER
Name: entity_type, dtype: object",16,78,"427    rs
Name: text_value, dtype: object"
[416.   9. 632.  15.  37.  50.  47. 202.],11,428,"428    SUSPICIOUS_NUMBER
Name: entity_type, dtype: object",16,78,"428    re
Name: text_value, dtype: object"
[416.   9. 632.  15.  37.  50.  47. 202.],11,429,"429    SUSPICIOUS_NUMBER
Name: entity_type, dtype: object",16,78,"429    ra
Name: text_value, dtype: object"
[416.   9. 632.  15.  37.  50.  47. 202.],11,430,"430    SUSPICIOUS_NUMBER
Name: entity_type, dtype: object",16,78,"430    ra
Name: text_value, dtype: object"
[416.   9. 632.  15.  37.  50.  47. 202.],11,431,"431    SUSPICIOUS_NUMBER
Name: entity_type, dtype: object",16,78,"431    r 
Name: text_value, dtype: object"
[416.   9. 632.  15.  37.  50.  47. 202.],11,432,"432    SUSPICIOUS_NUMBER
Name: entity_type, dtype: object",16,78,"432    r 
Name: text_value, dtype: object"
[416.   9. 632.  15.  37.  50.  47. 202.],11,433,"433    SUSPICIOUS_NUMBER
Name: entity_type, dtype: object",16,78,"433    ra
Name: text_value, dtype: object"
[416.   9. 632.  15.  37.  50.  47. 202.],11,434,"434    SUSPICIOUS_NUMBER
Name: entity_type, dtype: object",16,78,"434    re
Name: text_value, dtype: object"
[416.   9. 632.  15.  37.  50.  47. 202.],11,435,"435    SUSPICIOUS_NUMBER
Name: entity_type, dtype: object",16,78,"435    ri
Name: text_value, dtype: object"
[416.   9. 632.  15.  37.  50.  47. 202.],11,436,"436    SUSPICIOUS_NUMBER
Name: entity_type, dtype: object",16,78,"436    ra
Name: text_value, dtype: object"
[416.   9. 632.  15.  37.  50.  47. 202.],11,437,"437    SUSPICIOUS_NUMBER
Name: entity_type, dtype: object",16,78,"437    r 
Name: text_value, dtype: object"
[416.   9. 632.  15.  37.  50.  47. 202.],11,438,"438    SUSPICIOUS_NUMBER
Name: entity_type, dtype: object",16,78,"438    rm
Name: text_value, dtype: object"
[416.   9. 632.  15.  37.  50.  47. 202.],11,439,"439    SUSPICIOUS_NUMBER
Name: entity_type, dtype: object",16,78,"439    ro
Name: text_value, dtype: object"
[416.   9. 632.  15.  37.  50.  47. 202.],11,440,"440    SUSPICIOUS_NUMBER
Name: entity_type, dtype: object",16,78,"440    re
Name: text_value, dtype: object"
[416.   9. 632.  15.  37.  50.  47. 202.],11,441,"441    SUSPICIOUS_NUMBER
Name: entity_type, dtype: object",16,78,"441    ra
Name: text_value, dtype: object"
[416.   9. 632.  15.  37.  50.  47. 202.],11,442,"442    SUSPICIOUS_NUMBER
Name: entity_type, dtype: object",16,78,"442    re
Name: text_value, dtype: object"
[416.   9. 632.  15.  37.  50.  47. 202.],11,443,"443    SUSPICIOUS_NUMBER
Name: entity_type, dtype: object",16,78,"443    ro
Name: text_value, dtype: object"
[416.   9. 632.  15.  37.  50.  47. 202.],11,444,"444    SUSPICIOUS_NUMBER
Name: entity_type, dtype: object",16,78,"444    re
Name: text_value, dtype: object"
[416.   9. 632.  15.  37.  50.  47. 202.],11,445,"445    SUSPICIOUS_NUMBER
Name: entity_type, dtype: object",16,78,"445    re
Name: text_value, dtype: object"
[416.   9. 632.  15.  37.  50.  47. 202.],11,446,"446    SUSPICIOUS_NUMBER
Name: entity_type, dtype: object",16,78,"446    r 
Name: text_value, dtype: object"
[416.   9. 632.  15.  37.  50.  47. 202.],11,447,"447    SUSPICIOUS_NUMBER
Name: entity_type, dtype: object",16,78,"447    rs
Name: text_value, dtype: object"
[416.   9. 632.  15.  37.  50.  47. 202.],11,448,"448    PERSON
Name: entity_type, dtype: object",16,78,"448    tttsJwrad,.pani*\xef\xbf\xbdnoe
Name: text_value, dtype: object"
[416.   9. 632.  15.  37.  50.  47. 202.],11,449,"449    SUSPICIOUS_NUMBER
Name: entity_type, dtype: object",16,78,"449    ra
Name: text_value, dtype: object"
[416.   9. 632.  15.  37.  50.  47. 202.],11,450,"450    SUSPICIOUS_NUMBER
Name: entity_type, dtype: object",16,78,"450    ra
Name: text_value, dtype: object"
[416.   9. 632.  15.  37.  50.  47. 202.],11,451,"451    PERSON
Name: entity_type, dtype: object",16,78,"451    Bui
Name: text_value, dtype: object"
[416.   9. 632.  15.  37.  50.  47. 202.],11,452,"452    PERSON
Name: entity_type, dtype: object",16,78,"452    Btouffer
Name: text_value, dtype: object"
[416.   9. 632.  15.  37.  50.  47. 202.],11,454,"454    SUSPICIOUS_NUMBER
Name: entity_type, dtype: object",16,78,"454    r 
Name: text_value, dtype: object"
[416.   9. 632.  15.  37.  50.  47. 202.],11,455,"455    SUSPICIOUS_NUMBER
Name: entity_type, dtype: object",16,78,"455    rv
Name: text_value, dtype: object"
[416.   9. 632.  15.  37.  50.  47. 202.],11,456,"456    SUSPICIOUS_NUMBER
Name: entity_type, dtype: object",16,78,"456    r 
Name: text_value, dtype: object"
[416.   9. 632.  15.  37.  50.  47. 202.],11,457,"457    SUSPICIOUS_NUMBER
Name: entity_type, dtype: object",16,78,"457    rv
Name: text_value, dtype: object"
[471.   3. 757.   1.  38.  51.  49.  27.],12,453,"453    DATE
Name: entity_type, dtype: object",16,7,"453    1955 and 1955 shoved\n\na
Name: text_value, dtype: object"
[471.   3. 757.   1.  38.  51.  49.  27.],12,458,"458    CARDINAL
Name: entity_type, dtype: object",16,7,"458    16-25
Name: text_value, dtype: object"
[471.   3. 757.   1.  38.  51.  49.  27.],12,459,"459    DATE
Name: entity_type, dtype: object",16,7,"459    ('oup', '16')
Name: text_value, dtype: object"
[471.   3. 757.   1.  38.  51.  49.  27.],12,471,"471    DATE
Name: entity_type, dtype: object",16,7,"471    1955
Name: text_value, dtype: object"
[471.   3. 757.   1.  38.  51.  49.  27.],12,472,"472    CARDINAL
Name: entity_type, dtype: object",16,7,"472    1953*\n\n3
Name: text_value, dtype: object"
[471.   3. 757.   1.  38.  51.  49.  27.],12,486,"486    DATE
Name: entity_type, dtype: object",16,7,"486    ('tant', '18')
Name: text_value, dtype: object"
[471.   3. 757.   1.  38.  51.  49.  27.],12,487,"487    DATE
Name: entity_type, dtype: object",16,7,"487    ('tant', '18')
Name: text_value, dtype: object"
[505.   5. 806.  15.  51.  58.  44. 205.],13,460,"460    SUSPICIOUS_NUMBER
Name: entity_type, dtype: object",16,72,"460    ro
Name: text_value, dtype: object"
[505.   5. 806.  15.  51.  58.  44. 205.],13,461,"461    SUSPICIOUS_NUMBER
Name: entity_type, dtype: object",16,72,"461    rg
Name: text_value, dtype: object"
[505.   5. 806.  15.  51.  58.  44. 205.],13,462,"462    SUSPICIOUS_NUMBER
Name: entity_type, dtype: object",16,72,"462    ro
Name: text_value, dtype: object"
[505.   5. 806.  15.  51.  58.  44. 205.],13,463,"463    SUSPICIOUS_NUMBER
Name: entity_type, dtype: object",16,72,"463    rt
Name: text_value, dtype: object"
[505.   5. 806.  15.  51.  58.  44. 205.],13,464,"464    SUSPICIOUS_NUMBER
Name: entity_type, dtype: object",16,72,"464    rs
Name: text_value, dtype: object"
[505.   5. 806.  15.  51.  58.  44. 205.],13,465,"465    SUSPICIOUS_NUMBER
Name: entity_type, dtype: object",16,72,"465    ro
Name: text_value, dtype: object"
[505.   5. 806.  15.  51.  58.  44. 205.],13,466,"466    SUSPICIOUS_NUMBER
Name: entity_type, dtype: object",16,72,"466    rg
Name: text_value, dtype: object"
[505.   5. 806.  15.  51.  58.  44. 205.],13,467,"467    SUSPICIOUS_NUMBER
Name: entity_type, dtype: object",16,72,"467    ro
Name: text_value, dtype: object"
[505.   5. 806.  15.  51.  58.  44. 205.],13,468,"468    SUSPICIOUS_NUMBER
Name: entity_type, dtype: object",16,72,"468    rt
Name: text_value, dtype: object"
[505.   5. 806.  15.  51.  58.  44. 205.],13,469,"469    SUSPICIOUS_NUMBER
Name: entity_type, dtype: object",16,72,"469    rs
Name: text_value, dtype: object"
[505.   5. 806.  15.  51.  58.  44. 205.],13,470,"470    ORG
Name: entity_type, dtype: object",16,72,"470    Th\'it
Name: text_value, dtype: object"
[505.   5. 806.  15.  51.  58.  44. 205.],13,473,"473    SUSPICIOUS_NUMBER
Name: entity_type, dtype: object",16,72,"473    ro
Name: text_value, dtype: object"
[505.   5. 806.  15.  51.  58.  44. 205.],13,474,"474    SUSPICIOUS_NUMBER
Name: entity_type, dtype: object",16,72,"474    r 
Name: text_value, dtype: object"
[505.   5. 806.  15.  51.  58.  44. 205.],13,475,"475    SUSPICIOUS_NUMBER
Name: entity_type, dtype: object",16,72,"475    ro
Name: text_value, dtype: object"
[505.   5. 806.  15.  51.  58.  44. 205.],13,476,"476    SUSPICIOUS_NUMBER
Name: entity_type, dtype: object",16,72,"476    r 
Name: text_value, dtype: object"
[505.   5. 806.  15.  51.  58.  44. 205.],13,477,"477    SUSPICIOUS_NUMBER
Name: entity_type, dtype: object",16,72,"477    rc
Name: text_value, dtype: object"
[505.   5. 806.  15.  51.  58.  44. 205.],13,478,"478    SUSPICIOUS_NUMBER
Name: entity_type, dtype: object",16,72,"478    rs
Name: text_value, dtype: object"
[505.   5. 806.  15.  51.  58.  44. 205.],13,479,"479    SUSPICIOUS_NUMBER
Name: entity_type, dtype: object",16,72,"479    ro
Name: text_value, dtype: object"
[505.   5. 806.  15.  51.  58.  44. 205.],13,480,"480    SUSPICIOUS_NUMBER
Name: entity_type, dtype: object",16,72,"480    r 
Name: text_value, dtype: object"
[505.   5. 806.  15.  51.  58.  44. 205.],13,481,"481    SUSPICIOUS_NUMBER
Name: entity_type, dtype: object",16,72,"481    ro
Name: text_value, dtype: object"
[505.   5. 806.  15.  51.  58.  44. 205.],13,482,"482    SUSPICIOUS_NUMBER
Name: entity_type, dtype: object",16,72,"482    r 
Name: text_value, dtype: object"
[505.   5. 806.  15.  51.  58.  44. 205.],13,483,"483    SUSPICIOUS_NUMBER
Name: entity_type, dtype: object",16,72,"483    rc
Name: text_value, dtype: object"
[505.   5. 806.  15.  51.  58.  44. 205.],13,484,"484    SUSPICIOUS_NUMBER
Name: entity_type, dtype: object",16,72,"484    rs
Name: text_value, dtype: object"
[505.   5. 806.  15.  51.  58.  44. 205.],13,485,"485    ORG
Name: entity_type, dtype: object",16,72,"485    foilo\'e
Name: text_value, dtype: object"
[505.   5. 806.  15.  51.  58.  44. 205.],13,488,"488    SUSPICIOUS_NUMBER
Name: entity_type, dtype: object",16,72,"488    re
Name: text_value, dtype: object"
[505.   5. 806.  15.  51.  58.  44. 205.],13,489,"489    SUSPICIOUS_NUMBER
Name: entity_type, dtype: object",16,72,"489    ra
Name: text_value, dtype: object"
[505.   5. 806.  15.  51.  58.  44. 205.],13,490,"490    SUSPICIOUS_NUMBER
Name: entity_type, dtype: object",16,72,"490    re
Name: text_value, dtype: object"
[505.   5. 806.  15.  51.  58.  44. 205.],13,491,"491    SUSPICIOUS_NUMBER
Name: entity_type, dtype: object",16,72,"491    ro
Name: text_value, dtype: object"
[505.   5. 806.  15.  51.  58.  44. 205.],13,492,"492    SUSPICIOUS_NUMBER
Name: entity_type, dtype: object",16,72,"492    rt
Name: text_value, dtype: object"
[505.   5. 806.  15.  51.  58.  44. 205.],13,493,"493    SUSPICIOUS_NUMBER
Name: entity_type, dtype: object",16,72,"493    r 
Name: text_value, dtype: object"
[505.   5. 806.  15.  51.  58.  44. 205.],13,494,"494    SUSPICIOUS_NUMBER
Name: entity_type, dtype: object",16,72,"494    rt
Name: text_value, dtype: object"
[505.   5. 806.  15.  51.  58.  44. 205.],13,495,"495    SUSPICIOUS_NUMBER
Name: entity_type, dtype: object",16,72,"495    re
Name: text_value, dtype: object"
[505.   5. 806.  15.  51.  58.  44. 205.],13,496,"496    SUSPICIOUS_NUMBER
Name: entity_type, dtype: object",16,72,"496    ra
Name: text_value, dtype: object"
[505.   5. 806.  15.  51.  58.  44. 205.],13,497,"497    SUSPICIOUS_NUMBER
Name: entity_type, dtype: object",16,72,"497    re
Name: text_value, dtype: object"
[505.   5. 806.  15.  51.  58.  44. 205.],13,498,"498    SUSPICIOUS_NUMBER
Name: entity_type, dtype: object",16,72,"498    ro
Name: text_value, dtype: object"
[505.   5. 806.  15.  51.  58.  44. 205.],13,499,"499    SUSPICIOUS_NUMBER
Name: entity_type, dtype: object",16,72,"499    rt
Name: text_value, dtype: object"
[505.   5. 806.  15.  51.  58.  44. 205.],13,500,"500    SUSPICIOUS_NUMBER
Name: entity_type, dtype: object",16,72,"500    r 
Name: text_value, dtype: object"
[505.   5. 806.  15.  51.  58.  44. 205.],13,501,"501    SUSPICIOUS_NUMBER
Name: entity_type, dtype: object",16,72,"501    rt
Name: text_value, dtype: object"
[505.   5. 806.  15.  51.  58.  44. 205.],13,502,"502    PRODUCT
Name: entity_type, dtype: object",16,72,"502    claims.\n\nThese h/vre
Name: text_value, dtype: object"
[505.   5. 806.  15.  51.  58.  44. 205.],13,503,"503    PRODUCT
Name: entity_type, dtype: object",16,72,"503    T.I.B.C.    
Name: text_value, dtype: object"
[505.   5. 806.  15.  51.  58.  44. 205.],13,504,"504    SUSPICIOUS_NUMBER
Name: entity_type, dtype: object",16,72,"504    ro
Name: text_value, dtype: object"
[505.   5. 806.  15.  51.  58.  44. 205.],13,505,"505    SUSPICIOUS_NUMBER
Name: entity_type, dtype: object",16,72,"505    re
Name: text_value, dtype: object"
[505.   5. 806.  15.  51.  58.  44. 205.],13,506,"506    SUSPICIOUS_NUMBER
Name: entity_type, dtype: object",16,72,"506    re
Name: text_value, dtype: object"
[505.   5. 806.  15.  51.  58.  44. 205.],13,507,"507    SUSPICIOUS_NUMBER
Name: entity_type, dtype: object",16,72,"507    re
Name: text_value, dtype: object"
[505.   5. 806.  15.  51.  58.  44. 205.],13,508,"508    SUSPICIOUS_NUMBER
Name: entity_type, dtype: object",16,72,"508    re
Name: text_value, dtype: object"
[505.   5. 806.  15.  51.  58.  44. 205.],13,509,"509    SUSPICIOUS_NUMBER
Name: entity_type, dtype: object",16,72,"509    ry
Name: text_value, dtype: object"
[505.   5. 806.  15.  51.  58.  44. 205.],13,510,"510    SUSPICIOUS_NUMBER
Name: entity_type, dtype: object",16,72,"510    re
Name: text_value, dtype: object"
[505.   5. 806.  15.  51.  58.  44. 205.],13,511,"511    SUSPICIOUS_NUMBER
Name: entity_type, dtype: object",16,72,"511    ra
Name: text_value, dtype: object"
[505.   5. 806.  15.  51.  58.  44. 205.],13,512,"512    SUSPICIOUS_NUMBER
Name: entity_type, dtype: object",16,72,"512    ro
Name: text_value, dtype: object"
[505.   5. 806.  15.  51.  58.  44. 205.],13,513,"513    SUSPICIOUS_NUMBER
Name: entity_type, dtype: object",16,72,"513    re
Name: text_value, dtype: object"
[505.   5. 806.  15.  51.  58.  44. 205.],13,514,"514    SUSPICIOUS_NUMBER
Name: entity_type, dtype: object",16,72,"514    re
Name: text_value, dtype: object"
[505.   5. 806.  15.  51.  58.  44. 205.],13,515,"515    SUSPICIOUS_NUMBER
Name: entity_type, dtype: object",16,72,"515    re
Name: text_value, dtype: object"
[505.   5. 806.  15.  51.  58.  44. 205.],13,516,"516    SUSPICIOUS_NUMBER
Name: entity_type, dtype: object",16,72,"516    re
Name: text_value, dtype: object"
[505.   5. 806.  15.  51.  58.  44. 205.],13,517,"517    SUSPICIOUS_NUMBER
Name: entity_type, dtype: object",16,72,"517    ry
Name: text_value, dtype: object"
[505.   5. 806.  15.  51.  58.  44. 205.],13,518,"518    SUSPICIOUS_NUMBER
Name: entity_type, dtype: object",16,72,"518    re
Name: text_value, dtype: object"
[505.   5. 806.  15.  51.  58.  44. 205.],13,519,"519    SUSPICIOUS_NUMBER
Name: entity_type, dtype: object",16,72,"519    ra
Name: text_value, dtype: object"
[505.   5. 806.  15.  51.  58.  44. 205.],13,520,"520    ORG
Name: entity_type, dtype: object",16,72,"520    Company
Name: text_value, dtype: object"
[505.   5. 806.  15.  51.  58.  44. 205.],13,521,"521    SUSPICIOUS_NUMBER
Name: entity_type, dtype: object",16,72,"521    r,
Name: text_value, dtype: object"
[505.   5. 806.  15.  51.  58.  44. 205.],13,522,"522    SUSPICIOUS_NUMBER
Name: entity_type, dtype: object",16,72,"522    ra
Name: text_value, dtype: object"
[505.   5. 806.  15.  51.  58.  44. 205.],13,523,"523    SUSPICIOUS_NUMBER
Name: entity_type, dtype: object",16,72,"523    r 
Name: text_value, dtype: object"
[505.   5. 806.  15.  51.  58.  44. 205.],13,524,"524    SUSPICIOUS_NUMBER
Name: entity_type, dtype: object",16,72,"524    ra
Name: text_value, dtype: object"
[505.   5. 806.  15.  51.  58.  44. 205.],13,525,"525    SUSPICIOUS_NUMBER
Name: entity_type, dtype: object",16,72,"525    rs
Name: text_value, dtype: object"
[505.   5. 806.  15.  51.  58.  44. 205.],13,526,"526    SUSPICIOUS_NUMBER
Name: entity_type, dtype: object",16,72,"526    r 
Name: text_value, dtype: object"
[505.   5. 806.  15.  51.  58.  44. 205.],13,527,"527    SUSPICIOUS_NUMBER
Name: entity_type, dtype: object",16,72,"527    ra
Name: text_value, dtype: object"
[505.   5. 806.  15.  51.  58.  44. 205.],13,528,"528    SUSPICIOUS_NUMBER
Name: entity_type, dtype: object",16,72,"528    r 
Name: text_value, dtype: object"
[505.   5. 806.  15.  51.  58.  44. 205.],13,529,"529    SUSPICIOUS_NUMBER
Name: entity_type, dtype: object",16,72,"529    ra
Name: text_value, dtype: object"
[505.   5. 806.  15.  51.  58.  44. 205.],13,530,"530    SUSPICIOUS_NUMBER
Name: entity_type, dtype: object",16,72,"530    rs
Name: text_value, dtype: object"
[505.   5. 806.  15.  51.  58.  44. 205.],13,531,"531    NORP
Name: entity_type, dtype: object",16,72,"531    American
Name: text_value, dtype: object"
[505.   5. 806.  15.  51.  58.  44. 205.],13,532,"532    PERSON
Name: entity_type, dtype: object",16,72,"532    by\xef\xbf\xbdhich
Name: text_value, dtype: object"
[505.   5. 806.  15.  51.  58.  44. 205.],13,533,"533    SUSPICIOUS_NUMBER
Name: entity_type, dtype: object",16,72,"533    rm
Name: text_value, dtype: object"
[505.   5. 806.  15.  51.  58.  44. 205.],13,534,"534    SUSPICIOUS_NUMBER
Name: entity_type, dtype: object",16,72,"534    ri
Name: text_value, dtype: object"
[505.   5. 806.  15.  51.  58.  44. 205.],13,535,"535    SUSPICIOUS_NUMBER
Name: entity_type, dtype: object",16,72,"535    ri
Name: text_value, dtype: object"
[563.   6. 899.   1.  46.  47.  17.  14.],14,553,"553    CARDINAL
Name: entity_type, dtype: object",16,9,"553                 
Name: text_value, dtype: object"
[563.   6. 899.   1.  46.  47.  17.  14.],14,560,"560    PERSON
Name: entity_type, dtype: object",16,9,"560                            
Name: text_value, dtype: object"
[563.   6. 899.   1.  46.  47.  17.  14.],14,562,"562    DATE
Name: entity_type, dtype: object",16,9,"562    ('y', '69')
Name: text_value, dtype: object"
[563.   6. 899.   1.  46.  47.  17.  14.],14,563,"563    DATE
Name: entity_type, dtype: object",16,9,"563    ('y', '69')
Name: text_value, dtype: object"
[563.   6. 899.   1.  46.  47.  17.  14.],14,570,"570    CARDINAL
Name: entity_type, dtype: object",16,9,"570    2002:4559:1FE2::4559:1FE2\n\nCASE
Name: text_value, dtype: object"
[563.   6. 899.   1.  46.  47.  17.  14.],14,571,"571    CARDINAL
Name: entity_type, dtype: object",16,9,"571                 
Name: text_value, dtype: object"
[563.   6. 899.   1.  46.  47.  17.  14.],14,572,"572    PHONE_NUMBER
Name: entity_type, dtype: object",16,9,"572    002 4559
Name: text_value, dtype: object"
[563.   6. 899.   1.  46.  47.  17.  14.],14,578,"578    PERSON
Name: entity_type, dtype: object",16,9,"578                            
Name: text_value, dtype: object"
[563.   6. 899.   1.  46.  47.  17.  14.],14,580,"580    CARDINAL
Name: entity_type, dtype: object",16,9,"580    2011\n
Name: text_value, dtype: object"
[567.   6. 899.  15.  46.  47.  17. 207.],15,536,"536    SUSPICIOUS_NUMBER
Name: entity_type, dtype: object",16,42,"536    ro
Name: text_value, dtype: object"
[567.   6. 899.  15.  46.  47.  17. 207.],15,537,"537    SUSPICIOUS_NUMBER
Name: entity_type, dtype: object",16,42,"537    rs
Name: text_value, dtype: object"
[567.   6. 899.  15.  46.  47.  17. 207.],15,538,"538    SUSPICIOUS_NUMBER
Name: entity_type, dtype: object",16,42,"538    ro
Name: text_value, dtype: object"
[567.   6. 899.  15.  46.  47.  17. 207.],15,539,"539    SUSPICIOUS_NUMBER
Name: entity_type, dtype: object",16,42,"539    r 
Name: text_value, dtype: object"
[567.   6. 899.  15.  46.  47.  17. 207.],15,540,"540    SUSPICIOUS_NUMBER
Name: entity_type, dtype: object",16,42,"540    rm
Name: text_value, dtype: object"
[567.   6. 899.  15.  46.  47.  17. 207.],15,541,"541    SUSPICIOUS_NUMBER
Name: entity_type, dtype: object",16,42,"541    ri
Name: text_value, dtype: object"
[567.   6. 899.  15.  46.  47.  17. 207.],15,542,"542    SUSPICIOUS_NUMBER
Name: entity_type, dtype: object",16,42,"542    ri
Name: text_value, dtype: object"
[567.   6. 899.  15.  46.  47.  17. 207.],15,543,"543    SUSPICIOUS_NUMBER
Name: entity_type, dtype: object",16,42,"543    ro
Name: text_value, dtype: object"
[567.   6. 899.  15.  46.  47.  17. 207.],15,544,"544    SUSPICIOUS_NUMBER
Name: entity_type, dtype: object",16,42,"544    rs
Name: text_value, dtype: object"
[567.   6. 899.  15.  46.  47.  17. 207.],15,545,"545    SUSPICIOUS_NUMBER
Name: entity_type, dtype: object",16,42,"545    ro
Name: text_value, dtype: object"
[567.   6. 899.  15.  46.  47.  17. 207.],15,546,"546    SUSPICIOUS_NUMBER
Name: entity_type, dtype: object",16,42,"546    r 
Name: text_value, dtype: object"
[567.   6. 899.  15.  46.  47.  17. 207.],15,547,"547    SUSPICIOUS_NUMBER
Name: entity_type, dtype: object",16,42,"547    rd
Name: text_value, dtype: object"
[567.   6. 899.  15.  46.  47.  17. 207.],15,548,"548    SUSPICIOUS_NUMBER
Name: entity_type, dtype: object",16,42,"548    re
Name: text_value, dtype: object"
[567.   6. 899.  15.  46.  47.  17. 207.],15,549,"549    SUSPICIOUS_NUMBER
Name: entity_type, dtype: object",16,42,"549    rd
Name: text_value, dtype: object"
[567.   6. 899.  15.  46.  47.  17. 207.],15,550,"550    SUSPICIOUS_NUMBER
Name: entity_type, dtype: object",16,42,"550    re
Name: text_value, dtype: object"
[567.   6. 899.  15.  46.  47.  17. 207.],15,551,"551    SUSPICIOUS_NUMBER
Name: entity_type, dtype: object",16,42,"551    ri
Name: text_value, dtype: object"
[567.   6. 899.  15.  46.  47.  17. 207.],15,552,"552    SUSPICIOUS_NUMBER
Name: entity_type, dtype: object",16,42,"552    ri
Name: text_value, dtype: object"
[567.   6. 899.  15.  46.  47.  17. 207.],15,554,"554    SUSPICIOUS_NUMBER
Name: entity_type, dtype: object",16,42,"554    ri
Name: text_value, dtype: object"
[567.   6. 899.  15.  46.  47.  17. 207.],15,555,"555    SUSPICIOUS_NUMBER
Name: entity_type, dtype: object",16,42,"555    r 
Name: text_value, dtype: object"
[567.   6. 899.  15.  46.  47.  17. 207.],15,556,"556    SUSPICIOUS_NUMBER
Name: entity_type, dtype: object",16,42,"556    ri
Name: text_value, dtype: object"
[567.   6. 899.  15.  46.  47.  17. 207.],15,557,"557    SUSPICIOUS_NUMBER
Name: entity_type, dtype: object",16,42,"557    r 
Name: text_value, dtype: object"
[567.   6. 899.  15.  46.  47.  17. 207.],15,558,"558    PERSON
Name: entity_type, dtype: object",16,42,"558    Patricia Bowman
Name: text_value, dtype: object"
[567.   6. 899.  15.  46.  47.  17. 207.],15,559,"559    PERSON
Name: entity_type, dtype: object",16,42,"559    Robert Sury
Name: text_value, dtype: object"
[567.   6. 899.  15.  46.  47.  17. 207.],15,561,"561    DATE
Name: entity_type, dtype: object",16,42,"561    July 22
Name: text_value, dtype: object"
[567.   6. 899.  15.  46.  47.  17. 207.],15,564,"564    SUSPICIOUS_NUMBER
Name: entity_type, dtype: object",16,42,"564    ri
Name: text_value, dtype: object"
[567.   6. 899.  15.  46.  47.  17. 207.],15,565,"565    SUSPICIOUS_NUMBER
Name: entity_type, dtype: object",16,42,"565    rt
Name: text_value, dtype: object"
[567.   6. 899.  15.  46.  47.  17. 207.],15,566,"566    SUSPICIOUS_NUMBER
Name: entity_type, dtype: object",16,42,"566    ry
Name: text_value, dtype: object"
[567.   6. 899.  15.  46.  47.  17. 207.],15,567,"567    SUSPICIOUS_NUMBER
Name: entity_type, dtype: object",16,42,"567    ri
Name: text_value, dtype: object"
[567.   6. 899.  15.  46.  47.  17. 207.],15,568,"568    SUSPICIOUS_NUMBER
Name: entity_type, dtype: object",16,42,"568    rt
Name: text_value, dtype: object"
[567.   6. 899.  15.  46.  47.  17. 207.],15,569,"569    SUSPICIOUS_NUMBER
Name: entity_type, dtype: object",16,42,"569    ry
Name: text_value, dtype: object"
[567.   6. 899.  15.  46.  47.  17. 207.],15,573,"573    SUSPICIOUS_NUMBER
Name: entity_type, dtype: object",16,42,"573    ri
Name: text_value, dtype: object"
[567.   6. 899.  15.  46.  47.  17. 207.],15,574,"574    SUSPICIOUS_NUMBER
Name: entity_type, dtype: object",16,42,"574    r 
Name: text_value, dtype: object"
[567.   6. 899.  15.  46.  47.  17. 207.],15,575,"575    SUSPICIOUS_NUMBER
Name: entity_type, dtype: object",16,42,"575    ri
Name: text_value, dtype: object"
[567.   6. 899.  15.  46.  47.  17. 207.],15,576,"576    SUSPICIOUS_NUMBER
Name: entity_type, dtype: object",16,42,"576    r 
Name: text_value, dtype: object"
[567.   6. 899.  15.  46.  47.  17. 207.],15,577,"577    PERSON
Name: entity_type, dtype: object",16,42,"577    Patricia Bowman
Name: text_value, dtype: object"
[567.   6. 899.  15.  46.  47.  17. 207.],15,579,"579    DATE
Name: entity_type, dtype: object",16,42,"579    July 22
Name: text_value, dtype: object"
[567.   6. 899.  15.  46.  47.  17. 207.],15,581,"581    SUSPICIOUS_NUMBER
Name: entity_type, dtype: object",16,42,"581    ri
Name: text_value, dtype: object"
[567.   6. 899.  15.  46.  47.  17. 207.],15,582,"582    SUSPICIOUS_NUMBER
Name: entity_type, dtype: object",16,42,"582    rt
Name: text_value, dtype: object"
[567.   6. 899.  15.  46.  47.  17. 207.],15,583,"583    SUSPICIOUS_NUMBER
Name: entity_type, dtype: object",16,42,"583    ry
Name: text_value, dtype: object"
[567.   6. 899.  15.  46.  47.  17. 207.],15,584,"584    SUSPICIOUS_NUMBER
Name: entity_type, dtype: object",16,42,"584    ri
Name: text_value, dtype: object"
[567.   6. 899.  15.  46.  47.  17. 207.],15,585,"585    SUSPICIOUS_NUMBER
Name: entity_type, dtype: object",16,42,"585    rt
Name: text_value, dtype: object"
[567.   6. 899.  15.  46.  47.  17. 207.],15,586,"586    SUSPICIOUS_NUMBER
Name: entity_type, dtype: object",16,42,"586    ry
Name: text_value, dtype: object"
