center,cluster,cluster_member,cumulative_cluster_score,entity_type,number_of_clusters,number_of_members,raw_sentence,sentence_position,text_value
[ 0. 14.  0.  0.  1. 71.  4. 13.],0,0,0,['CARDINAL'],175,1,"['b""Page 111\\n\\n\\n\\nIN THE CIRCUIT COURT OF THE FOURTH JUDICIAL CIRCUIT\\n\\n\\n\\nIN AND FOR DUVAL COUNTY, FLORIDA 2\\n\\n\\n\\nIN RE:  ENGLE PROGENY CASES      ']",[0],['111\\n\\n\\n\\nIN']
[  1.  14.   0.  14.   1.  71.   4. 111.],1,1,1,['WORK_OF_ART'],175,1,"['b""Page 111\\n\\n\\n\\nIN THE CIRCUIT COURT OF THE FOURTH JUDICIAL CIRCUIT\\n\\n\\n\\nIN AND FOR DUVAL COUNTY, FLORIDA 2\\n\\n\\n\\nIN RE:  ENGLE PROGENY CASES      ']",[0],['THE CIRCUIT COURT OF THE FOURTH JUDICIAL']
[ 2. 14.  0. 10.  1. 71.  4. 43.],2,2,0,['PERSON'],175,2,"['b""Page 111\\n\\n\\n\\nIN THE CIRCUIT COURT OF THE FOURTH JUDICIAL CIRCUIT\\n\\n\\n\\nIN AND FOR DUVAL COUNTY, FLORIDA 2\\n\\n\\n\\nIN RE:  ENGLE PROGENY CASES      ']",[0],['CIRCUIT\\n\\n\\n\\nIN']
[ 2. 14.  0. 10.  1. 71.  4. 43.],2,3,1,['ORG'],175,2,"['b""Page 111\\n\\n\\n\\nIN THE CIRCUIT COURT OF THE FOURTH JUDICIAL CIRCUIT\\n\\n\\n\\nIN AND FOR DUVAL COUNTY, FLORIDA 2\\n\\n\\n\\nIN RE:  ENGLE PROGENY CASES      ']",[0],['DUVAL COUNTY']
[ 4. 14.  0. 10.  1. 71.  4. 63.],3,4,0,['PERSON'],175,1,"['b""Page 111\\n\\n\\n\\nIN THE CIRCUIT COURT OF THE FOURTH JUDICIAL CIRCUIT\\n\\n\\n\\nIN AND FOR DUVAL COUNTY, FLORIDA 2\\n\\n\\n\\nIN RE:  ENGLE PROGENY CASES      ']",[0],['FLORIDA 2\\n\\n\\n\\nIN RE']
[ 5.  2. 24.  9. 40. 52. 13. 73.],4,5,0,['ORG'],175,1,['TOBACCO LITIGATION\\n\\n\\n\\nTOBACCO LITIGATION                                DIVISION:  '],[24],['LITIGATION\\n\\n\\n\\nTOBACCO LITIGATION']
[ 6.  3. 35.  0.  0.  0.  3. 12.],5,6,1,['CARDINAL'],175,1,"['1118 - 1211\\n\\n\\n\\nPertains to:  LINDA PRENTICE,']",[35],['1118']
[ 7.  3. 35. 10.  0.  0.  3. 72.],6,7,1,['PERSON'],175,1,"['1118 - 1211\\n\\n\\n\\nPertains to:  LINDA PRENTICE,']",[35],['LINDA PRENTICE']
[ 8.  3. 35. 11.  0.  0.  3. 14.],7,8,0,['PHONE_NUMBER'],175,1,"['1118 - 1211\\n\\n\\n\\nPertains to:  LINDA PRENTICE,']",[35],['118 1211']
[ 9.  9. 44.  9. 46. 70. 26. 94.],8,9,0,['ORG'],175,1,['as Personal Representative of the Estate of JOHN C. PRICE\\n\\n\\n\\nCase'],[44],['Personal Representative of the Estate of JOHN C. PRICE\\n\\n\\n\\nCase']
[10.  0. 54.  9. -1. 39. 17.  0.],9,10,1,['ORG'],175,1,['No:   '],[54],['  ']
[11.  3. 57.  0.  2.  1. 14. 15.],10,11,1,['CARDINAL'],175,1,['16-2007-CA-011551-DXXX-MA\\n\\n\\n\\n16'],[57],['16-2007-CA-011551-DXXX']
[13.  9. 62.  1.  3.  2.  7. 17.],11,12,1,['CARDINAL'],175,3,['17 18 19 20 21 22 23 24 25\\n\\n\\n\\nTRIAL BEFORE'],[62],['17']
[13.  9. 62.  1.  3.  2.  7. 17.],11,13,2,['DATE'],175,3,['17 18 19 20 21 22 23 24 25\\n\\n\\n\\nTRIAL BEFORE'],[62],['18 19 20 21 22 23 24']
[13.  9. 62.  1.  3.  2.  7. 17.],11,14,2,['CARDINAL'],175,3,['17 18 19 20 21 22 23 24 25\\n\\n\\n\\nTRIAL BEFORE'],[62],['25\\n\\n\\n\\nTRIAL']
[15.  7. 72.  1. 14. 51. 23. 66.],12,15,1,['DATE'],175,1,"['THE HONORABLE TYRIE W. BOYER\\n\\n\\n\\nDATE TAKEN:    Friday, September 16, 2016\\n\\n\\n\\nTIME:                      8:15 a.m. to 10:40 a.m.\\n\\n\\n\\nLOCATION:      ']",[72],['Friday']
[ 16.   7.  72.   1.  14.  51.  23. 106.],13,16,1,['DATE'],175,1,"['THE HONORABLE TYRIE W. BOYER\\n\\n\\n\\nDATE TAKEN:    Friday, September 16, 2016\\n\\n\\n\\nTIME:                      8:15 a.m. to 10:40 a.m.\\n\\n\\n\\nLOCATION:      ']",[72],['September 16']
[17.  7. 72. 13. 14. 51. 23. 38.],14,17,1,['TIME'],175,1,"['THE HONORABLE TYRIE W. BOYER\\n\\n\\n\\nDATE TAKEN:    Friday, September 16, 2016\\n\\n\\n\\nTIME:                      8:15 a.m. to 10:40 a.m.\\n\\n\\n\\nLOCATION:      ']",[72],['8:15 a.m.']
[18.  7. 72.  0. 14. 51. 23. 11.],15,18,1,['CARDINAL'],175,1,"['THE HONORABLE TYRIE W. BOYER\\n\\n\\n\\nDATE TAKEN:    Friday, September 16, 2016\\n\\n\\n\\nTIME:                      8:15 a.m. to 10:40 a.m.\\n\\n\\n\\nLOCATION:      ']",[72],['10:40']
[ 19.   7.  72.   9.  14.  51.  23. 119.],16,19,0,['ORG'],175,1,"['THE HONORABLE TYRIE W. BOYER\\n\\n\\n\\nDATE TAKEN:    Friday, September 16, 2016\\n\\n\\n\\nTIME:                      8:15 a.m. to 10:40 a.m.\\n\\n\\n\\nLOCATION:      ']",[72],['a.m.\\n\\n\\n\\nLOCATION']
[20.  7. 72. 10. 14. 51. 23.  1.],17,20,1,['PERSON'],175,1,"['THE HONORABLE TYRIE W. BOYER\\n\\n\\n\\nDATE TAKEN:    Friday, September 16, 2016\\n\\n\\n\\nTIME:                      8:15 a.m. to 10:40 a.m.\\n\\n\\n\\nLOCATION:      ']",[72],['     ']
[21.  3. 95.  3. 26. 12. 11. 50.],18,21,1,['GPE'],175,2,['Duval County Courthouse\\n\\n\\n\\nCourtroom 610\\n\\n\\n\\n501'],[95],['Duval County']
[21.  3. 95.  3. 26. 12. 11. 50.],18,22,1,['CARDINAL'],175,2,['Duval County Courthouse\\n\\n\\n\\nCourtroom 610\\n\\n\\n\\n501'],[95],['610\\n\\n\\n\\n501']
[23.  3. 95.  1. 26. 12. 11.  9.],19,23,0,['DATE'],175,2,['Duval County Courthouse\\n\\n\\n\\nCourtroom 610\\n\\n\\n\\n501'],[95],"[""('troom', '610')""]"
[23.  3. 95.  1. 26. 12. 11.  9.],19,24,0,['DATE'],175,2,['Duval County Courthouse\\n\\n\\n\\nCourtroom 610\\n\\n\\n\\n501'],[95],"[""('troom', '610')""]"
[ 25.  11.  99.   3.  29.  65.  54. 117.],20,25,0,['GPE'],175,2,"['West Adams Street\\n\\n\\n\\nJacksonville, Florida 32202\\n\\n\\n\\nAs reported by: Terry T. Hurley, RPR and a Notary Public\\n\\n\\n\\nAPPEARANCES']",[99],['West Adams Street\\n\\n\\n\\nJacksonville']
[ 25.  11.  99.   3.  29.  65.  54. 117.],20,27,1,['PERSON'],175,2,"['West Adams Street\\n\\n\\n\\nJacksonville, Florida 32202\\n\\n\\n\\nAs reported by: Terry T. Hurley, RPR and a Notary Public\\n\\n\\n\\nAPPEARANCES']",[99],['Terry T. Hurley']
[26. 11. 99. 10. 29. 65. 54. 65.],21,26,0,['PERSON'],175,1,"['West Adams Street\\n\\n\\n\\nJacksonville, Florida 32202\\n\\n\\n\\nAs reported by: Terry T. Hurley, RPR and a Notary Public\\n\\n\\n\\nAPPEARANCES']",[99],['Florida 32202\\n\\n\\n\\nAs']
[28. 11. 99.  9. 29. 65. 54. 99.],22,28,1,['ORG'],175,1,"['West Adams Street\\n\\n\\n\\nJacksonville, Florida 32202\\n\\n\\n\\nAs reported by: Terry T. Hurley, RPR and a Notary Public\\n\\n\\n\\nAPPEARANCES']",[99],['RPR']
[29. 11. 99.  9. 29. 65. 54. 88.],23,29,0,['ORG'],175,1,"['West Adams Street\\n\\n\\n\\nJacksonville, Florida 32202\\n\\n\\n\\nAs reported by: Terry T. Hurley, RPR and a Notary Public\\n\\n\\n\\nAPPEARANCES']",[99],['Notary Public\\n\\n\\n\\nAPPEARANCES']
[31. 11. 99.  1. 29. 65. 54.  4.],24,30,0,['DATE'],175,2,"['West Adams Street\\n\\n\\n\\nJacksonville, Florida 32202\\n\\n\\n\\nAs reported by: Terry T. Hurley, RPR and a Notary Public\\n\\n\\n\\nAPPEARANCES']",[99],"[""('ida', '32202')""]"
[31. 11. 99.  1. 29. 65. 54.  4.],24,31,0,['DATE'],175,2,"['West Adams Street\\n\\n\\n\\nJacksonville, Florida 32202\\n\\n\\n\\nAs reported by: Terry T. Hurley, RPR and a Notary Public\\n\\n\\n\\nAPPEARANCES']",[99],"[""('ida', '32202')""]"
[ 32.   1. 117.   9.  37.  40.  18.  44.],25,32,0,['ORG'],175,1,['OF COUNSEL\\n\\n\\n\\nOn'],[117],['COUNSEL\\n\\n\\n\\nOn']
[ 33.  21. 119.   9.  44.  72.  27.  91.],26,33,1,['ORG'],175,1,"['behalf of Plaintiff:\\n\\n\\n\\nGREGORY PRYSOCK, ESQUIRE KEITH MITNIK, ESQUIRE\\n\\n\\n\\nKATHERINE MASSA, ESQUIRE ANTONIO LUCIANO, ESQUIRE\\n\\n\\n\\nMorgan & Morgan\\n\\n\\n\\nSouth Laura Street\\n\\n\\n\\nJacksonville, FL  32202\\n\\n\\n\\nCELENE HUMPHRIES, Esguire Brannock & Humphries\\n\\n\\n\\n1111 West Cass Street,']",[119],['PRYSOCK']
[ 35.  21. 119.  10.  44.  72.  27.  55.],27,34,1,['ORG'],175,4,"['behalf of Plaintiff:\\n\\n\\n\\nGREGORY PRYSOCK, ESQUIRE KEITH MITNIK, ESQUIRE\\n\\n\\n\\nKATHERINE MASSA, ESQUIRE ANTONIO LUCIANO, ESQUIRE\\n\\n\\n\\nMorgan & Morgan\\n\\n\\n\\nSouth Laura Street\\n\\n\\n\\nJacksonville, FL  32202\\n\\n\\n\\nCELENE HUMPHRIES, Esguire Brannock & Humphries\\n\\n\\n\\n1111 West Cass Street,']",[119],['ESQUIRE KEITH MITNIK']
[ 35.  21. 119.  10.  44.  72.  27.  55.],27,35,1,['PERSON'],175,4,"['behalf of Plaintiff:\\n\\n\\n\\nGREGORY PRYSOCK, ESQUIRE KEITH MITNIK, ESQUIRE\\n\\n\\n\\nKATHERINE MASSA, ESQUIRE ANTONIO LUCIANO, ESQUIRE\\n\\n\\n\\nMorgan & Morgan\\n\\n\\n\\nSouth Laura Street\\n\\n\\n\\nJacksonville, FL  32202\\n\\n\\n\\nCELENE HUMPHRIES, Esguire Brannock & Humphries\\n\\n\\n\\n1111 West Cass Street,']",[119],['ESQUIRE\\n\\n\\n\\nKATHERINE MASSA']
[ 35.  21. 119.  10.  44.  72.  27.  55.],27,36,2,['PERSON'],175,4,"['behalf of Plaintiff:\\n\\n\\n\\nGREGORY PRYSOCK, ESQUIRE KEITH MITNIK, ESQUIRE\\n\\n\\n\\nKATHERINE MASSA, ESQUIRE ANTONIO LUCIANO, ESQUIRE\\n\\n\\n\\nMorgan & Morgan\\n\\n\\n\\nSouth Laura Street\\n\\n\\n\\nJacksonville, FL  32202\\n\\n\\n\\nCELENE HUMPHRIES, Esguire Brannock & Humphries\\n\\n\\n\\n1111 West Cass Street,']",[119],['ESQUIRE ANTONIO LUCIANO']
[ 35.  21. 119.  10.  44.  72.  27.  55.],27,40,3,['ORG'],175,4,"['behalf of Plaintiff:\\n\\n\\n\\nGREGORY PRYSOCK, ESQUIRE KEITH MITNIK, ESQUIRE\\n\\n\\n\\nKATHERINE MASSA, ESQUIRE ANTONIO LUCIANO, ESQUIRE\\n\\n\\n\\nMorgan & Morgan\\n\\n\\n\\nSouth Laura Street\\n\\n\\n\\nJacksonville, FL  32202\\n\\n\\n\\nCELENE HUMPHRIES, Esguire Brannock & Humphries\\n\\n\\n\\n1111 West Cass Street,']",[119],['Esguire Brannock &']
[ 37.  21. 119.   3.  44.  72.  27.  82.],28,37,0,['GPE'],175,1,"['behalf of Plaintiff:\\n\\n\\n\\nGREGORY PRYSOCK, ESQUIRE KEITH MITNIK, ESQUIRE\\n\\n\\n\\nKATHERINE MASSA, ESQUIRE ANTONIO LUCIANO, ESQUIRE\\n\\n\\n\\nMorgan & Morgan\\n\\n\\n\\nSouth Laura Street\\n\\n\\n\\nJacksonville, FL  32202\\n\\n\\n\\nCELENE HUMPHRIES, Esguire Brannock & Humphries\\n\\n\\n\\n1111 West Cass Street,']",[119],['Morgan\\n\\n\\n\\nSouth Laura Street\\n\\n\\n\\nJacksonville']
[ 38.  21. 119.   3.  44.  72.  27.  62.],29,38,1,['GPE'],175,1,"['behalf of Plaintiff:\\n\\n\\n\\nGREGORY PRYSOCK, ESQUIRE KEITH MITNIK, ESQUIRE\\n\\n\\n\\nKATHERINE MASSA, ESQUIRE ANTONIO LUCIANO, ESQUIRE\\n\\n\\n\\nMorgan & Morgan\\n\\n\\n\\nSouth Laura Street\\n\\n\\n\\nJacksonville, FL  32202\\n\\n\\n\\nCELENE HUMPHRIES, Esguire Brannock & Humphries\\n\\n\\n\\n1111 West Cass Street,']",[119],['FL']
[ 39.  21. 119.  10.  44.  72.  27.  32.],30,39,0,['PERSON'],175,1,"['behalf of Plaintiff:\\n\\n\\n\\nGREGORY PRYSOCK, ESQUIRE KEITH MITNIK, ESQUIRE\\n\\n\\n\\nKATHERINE MASSA, ESQUIRE ANTONIO LUCIANO, ESQUIRE\\n\\n\\n\\nMorgan & Morgan\\n\\n\\n\\nSouth Laura Street\\n\\n\\n\\nJacksonville, FL  32202\\n\\n\\n\\nCELENE HUMPHRIES, Esguire Brannock & Humphries\\n\\n\\n\\n1111 West Cass Street,']",[119],['32202\\n\\n\\n\\nCELENE HUMPHRIES']
[ 41.  21. 119.   2.  44.  72.  27. 118.],31,41,1,['FAC'],175,1,"['behalf of Plaintiff:\\n\\n\\n\\nGREGORY PRYSOCK, ESQUIRE KEITH MITNIK, ESQUIRE\\n\\n\\n\\nKATHERINE MASSA, ESQUIRE ANTONIO LUCIANO, ESQUIRE\\n\\n\\n\\nMorgan & Morgan\\n\\n\\n\\nSouth Laura Street\\n\\n\\n\\nJacksonville, FL  32202\\n\\n\\n\\nCELENE HUMPHRIES, Esguire Brannock & Humphries\\n\\n\\n\\n1111 West Cass Street,']",[119],['West Cass Street']
[ 42.  35. 154.   0.   4.  50.  22.  20.],32,42,1,['CARDINAL'],175,1,"['Suite 200 Tampa, Florida  33606\\n\\n\\n\\nOn behalf of R. J. Reynolds:\\n\\n\\n\\nJOHN WALKER, ESQUIRE\\n\\n\\n\\nJENNIFER L. WEIZENECKER, ESQUIRE\\n\\n\\n\\nMICHAEL C. MCLAUGHLIN, ESQUIRE Jones Day\\n\\n\\n\\n1420 Peachtree Street, N.E. Suite 800\\n\\n\\n\\nAtlanta, Georgia  30309-3053\\n\\n\\n\\nMARK R. SEIDEN, Esguire Jones Day\\n\\n\\n\\n250 Versey Street\\n\\n\\n\\nNew York, New York  10281-1047']",[154],['200']
[ 43.  35. 154.   3.   4.  50.  22. 112.],33,43,1,['GPE'],175,1,"['Suite 200 Tampa, Florida  33606\\n\\n\\n\\nOn behalf of R. J. Reynolds:\\n\\n\\n\\nJOHN WALKER, ESQUIRE\\n\\n\\n\\nJENNIFER L. WEIZENECKER, ESQUIRE\\n\\n\\n\\nMICHAEL C. MCLAUGHLIN, ESQUIRE Jones Day\\n\\n\\n\\n1420 Peachtree Street, N.E. Suite 800\\n\\n\\n\\nAtlanta, Georgia  30309-3053\\n\\n\\n\\nMARK R. SEIDEN, Esguire Jones Day\\n\\n\\n\\n250 Versey Street\\n\\n\\n\\nNew York, New York  10281-1047']",[154],['Tampa']
[ 44.  35. 154.   3.   4.  50.  22.  64.],34,44,1,['GPE'],175,2,"['Suite 200 Tampa, Florida  33606\\n\\n\\n\\nOn behalf of R. J. Reynolds:\\n\\n\\n\\nJOHN WALKER, ESQUIRE\\n\\n\\n\\nJENNIFER L. WEIZENECKER, ESQUIRE\\n\\n\\n\\nMICHAEL C. MCLAUGHLIN, ESQUIRE Jones Day\\n\\n\\n\\n1420 Peachtree Street, N.E. Suite 800\\n\\n\\n\\nAtlanta, Georgia  30309-3053\\n\\n\\n\\nMARK R. SEIDEN, Esguire Jones Day\\n\\n\\n\\n250 Versey Street\\n\\n\\n\\nNew York, New York  10281-1047']",[154],['Florida']
[ 44.  35. 154.   3.   4.  50.  22.  64.],34,52,2,['GPE'],175,2,"['Suite 200 Tampa, Florida  33606\\n\\n\\n\\nOn behalf of R. J. Reynolds:\\n\\n\\n\\nJOHN WALKER, ESQUIRE\\n\\n\\n\\nJENNIFER L. WEIZENECKER, ESQUIRE\\n\\n\\n\\nMICHAEL C. MCLAUGHLIN, ESQUIRE Jones Day\\n\\n\\n\\n1420 Peachtree Street, N.E. Suite 800\\n\\n\\n\\nAtlanta, Georgia  30309-3053\\n\\n\\n\\nMARK R. SEIDEN, Esguire Jones Day\\n\\n\\n\\n250 Versey Street\\n\\n\\n\\nNew York, New York  10281-1047']",[154],['Georgia']
[ 48.  35. 154.  10.   4.  50.  22.  56.],35,47,0,['PERSON'],175,4,"['Suite 200 Tampa, Florida  33606\\n\\n\\n\\nOn behalf of R. J. Reynolds:\\n\\n\\n\\nJOHN WALKER, ESQUIRE\\n\\n\\n\\nJENNIFER L. WEIZENECKER, ESQUIRE\\n\\n\\n\\nMICHAEL C. MCLAUGHLIN, ESQUIRE Jones Day\\n\\n\\n\\n1420 Peachtree Street, N.E. Suite 800\\n\\n\\n\\nAtlanta, Georgia  30309-3053\\n\\n\\n\\nMARK R. SEIDEN, Esguire Jones Day\\n\\n\\n\\n250 Versey Street\\n\\n\\n\\nNew York, New York  10281-1047']",[154],['ESQUIRE\\n\\n\\n\\nJENNIFER L. WEIZENECKER']
[ 48.  35. 154.  10.   4.  50.  22.  56.],35,48,0,['PERSON'],175,4,"['Suite 200 Tampa, Florida  33606\\n\\n\\n\\nOn behalf of R. J. Reynolds:\\n\\n\\n\\nJOHN WALKER, ESQUIRE\\n\\n\\n\\nJENNIFER L. WEIZENECKER, ESQUIRE\\n\\n\\n\\nMICHAEL C. MCLAUGHLIN, ESQUIRE Jones Day\\n\\n\\n\\n1420 Peachtree Street, N.E. Suite 800\\n\\n\\n\\nAtlanta, Georgia  30309-3053\\n\\n\\n\\nMARK R. SEIDEN, Esguire Jones Day\\n\\n\\n\\n250 Versey Street\\n\\n\\n\\nNew York, New York  10281-1047']",[154],['ESQUIRE\\n\\n\\n\\nMICHAEL C. MCLAUGHLIN']
[ 48.  35. 154.  10.   4.  50.  22.  56.],35,49,1,['ORG'],175,4,"['Suite 200 Tampa, Florida  33606\\n\\n\\n\\nOn behalf of R. J. Reynolds:\\n\\n\\n\\nJOHN WALKER, ESQUIRE\\n\\n\\n\\nJENNIFER L. WEIZENECKER, ESQUIRE\\n\\n\\n\\nMICHAEL C. MCLAUGHLIN, ESQUIRE Jones Day\\n\\n\\n\\n1420 Peachtree Street, N.E. Suite 800\\n\\n\\n\\nAtlanta, Georgia  30309-3053\\n\\n\\n\\nMARK R. SEIDEN, Esguire Jones Day\\n\\n\\n\\n250 Versey Street\\n\\n\\n\\nNew York, New York  10281-1047']",[154],['ESQUIRE Jones']
[ 48.  35. 154.  10.   4.  50.  22.  56.],35,56,2,['PERSON'],175,4,"['Suite 200 Tampa, Florida  33606\\n\\n\\n\\nOn behalf of R. J. Reynolds:\\n\\n\\n\\nJOHN WALKER, ESQUIRE\\n\\n\\n\\nJENNIFER L. WEIZENECKER, ESQUIRE\\n\\n\\n\\nMICHAEL C. MCLAUGHLIN, ESQUIRE Jones Day\\n\\n\\n\\n1420 Peachtree Street, N.E. Suite 800\\n\\n\\n\\nAtlanta, Georgia  30309-3053\\n\\n\\n\\nMARK R. SEIDEN, Esguire Jones Day\\n\\n\\n\\n250 Versey Street\\n\\n\\n\\nNew York, New York  10281-1047']",[154],['Esguire Jones']
[ 54.  35. 154.   0.   4.  50.  22.  29.],36,45,0,['CARDINAL'],175,3,"['Suite 200 Tampa, Florida  33606\\n\\n\\n\\nOn behalf of R. J. Reynolds:\\n\\n\\n\\nJOHN WALKER, ESQUIRE\\n\\n\\n\\nJENNIFER L. WEIZENECKER, ESQUIRE\\n\\n\\n\\nMICHAEL C. MCLAUGHLIN, ESQUIRE Jones Day\\n\\n\\n\\n1420 Peachtree Street, N.E. Suite 800\\n\\n\\n\\nAtlanta, Georgia  30309-3053\\n\\n\\n\\nMARK R. SEIDEN, Esguire Jones Day\\n\\n\\n\\n250 Versey Street\\n\\n\\n\\nNew York, New York  10281-1047']",[154],['33606\\n\\n\\n\\nOn']
[ 54.  35. 154.   0.   4.  50.  22.  29.],36,53,1,['MONEY'],175,3,"['Suite 200 Tampa, Florida  33606\\n\\n\\n\\nOn behalf of R. J. Reynolds:\\n\\n\\n\\nJOHN WALKER, ESQUIRE\\n\\n\\n\\nJENNIFER L. WEIZENECKER, ESQUIRE\\n\\n\\n\\nMICHAEL C. MCLAUGHLIN, ESQUIRE Jones Day\\n\\n\\n\\n1420 Peachtree Street, N.E. Suite 800\\n\\n\\n\\nAtlanta, Georgia  30309-3053\\n\\n\\n\\nMARK R. SEIDEN, Esguire Jones Day\\n\\n\\n\\n250 Versey Street\\n\\n\\n\\nNew York, New York  10281-1047']",[154],['30309']
[ 54.  35. 154.   0.   4.  50.  22.  29.],36,54,1,['CARDINAL'],175,3,"['Suite 200 Tampa, Florida  33606\\n\\n\\n\\nOn behalf of R. J. Reynolds:\\n\\n\\n\\nJOHN WALKER, ESQUIRE\\n\\n\\n\\nJENNIFER L. WEIZENECKER, ESQUIRE\\n\\n\\n\\nMICHAEL C. MCLAUGHLIN, ESQUIRE Jones Day\\n\\n\\n\\n1420 Peachtree Street, N.E. Suite 800\\n\\n\\n\\nAtlanta, Georgia  30309-3053\\n\\n\\n\\nMARK R. SEIDEN, Esguire Jones Day\\n\\n\\n\\n250 Versey Street\\n\\n\\n\\nNew York, New York  10281-1047']",[154],['3053\\n\\n\\n\\nMARK']
[ 55.  35. 154.   7.   4.  50.  22.  97.],37,46,0,['PERSON'],175,3,"['Suite 200 Tampa, Florida  33606\\n\\n\\n\\nOn behalf of R. J. Reynolds:\\n\\n\\n\\nJOHN WALKER, ESQUIRE\\n\\n\\n\\nJENNIFER L. WEIZENECKER, ESQUIRE\\n\\n\\n\\nMICHAEL C. MCLAUGHLIN, ESQUIRE Jones Day\\n\\n\\n\\n1420 Peachtree Street, N.E. Suite 800\\n\\n\\n\\nAtlanta, Georgia  30309-3053\\n\\n\\n\\nMARK R. SEIDEN, Esguire Jones Day\\n\\n\\n\\n250 Versey Street\\n\\n\\n\\nNew York, New York  10281-1047']",[154],['R. J. Reynolds:\\n\\n\\n\\nJOHN WALKER']
[ 55.  35. 154.   7.   4.  50.  22.  97.],37,50,1,['FAC'],175,3,"['Suite 200 Tampa, Florida  33606\\n\\n\\n\\nOn behalf of R. J. Reynolds:\\n\\n\\n\\nJOHN WALKER, ESQUIRE\\n\\n\\n\\nJENNIFER L. WEIZENECKER, ESQUIRE\\n\\n\\n\\nMICHAEL C. MCLAUGHLIN, ESQUIRE Jones Day\\n\\n\\n\\n1420 Peachtree Street, N.E. Suite 800\\n\\n\\n\\nAtlanta, Georgia  30309-3053\\n\\n\\n\\nMARK R. SEIDEN, Esguire Jones Day\\n\\n\\n\\n250 Versey Street\\n\\n\\n\\nNew York, New York  10281-1047']",[154],['Peachtree Street']
[ 55.  35. 154.   7.   4.  50.  22.  97.],37,55,2,['NORP'],175,3,"['Suite 200 Tampa, Florida  33606\\n\\n\\n\\nOn behalf of R. J. Reynolds:\\n\\n\\n\\nJOHN WALKER, ESQUIRE\\n\\n\\n\\nJENNIFER L. WEIZENECKER, ESQUIRE\\n\\n\\n\\nMICHAEL C. MCLAUGHLIN, ESQUIRE Jones Day\\n\\n\\n\\n1420 Peachtree Street, N.E. Suite 800\\n\\n\\n\\nAtlanta, Georgia  30309-3053\\n\\n\\n\\nMARK R. SEIDEN, Esguire Jones Day\\n\\n\\n\\n250 Versey Street\\n\\n\\n\\nNew York, New York  10281-1047']",[154],['R.']
[ 57.  35. 154.  10.   4.  50.  22. 115.],38,57,0,['PERSON'],175,1,"['Suite 200 Tampa, Florida  33606\\n\\n\\n\\nOn behalf of R. J. Reynolds:\\n\\n\\n\\nJOHN WALKER, ESQUIRE\\n\\n\\n\\nJENNIFER L. WEIZENECKER, ESQUIRE\\n\\n\\n\\nMICHAEL C. MCLAUGHLIN, ESQUIRE Jones Day\\n\\n\\n\\n1420 Peachtree Street, N.E. Suite 800\\n\\n\\n\\nAtlanta, Georgia  30309-3053\\n\\n\\n\\nMARK R. SEIDEN, Esguire Jones Day\\n\\n\\n\\n250 Versey Street\\n\\n\\n\\nNew York, New York  10281-1047']",[154],['Versey Street\\n\\n\\n\\nNew York']
[ 58.  35. 154.   3.   4.  50.  22.  86.],39,51,0,['FAC'],175,2,"['Suite 200 Tampa, Florida  33606\\n\\n\\n\\nOn behalf of R. J. Reynolds:\\n\\n\\n\\nJOHN WALKER, ESQUIRE\\n\\n\\n\\nJENNIFER L. WEIZENECKER, ESQUIRE\\n\\n\\n\\nMICHAEL C. MCLAUGHLIN, ESQUIRE Jones Day\\n\\n\\n\\n1420 Peachtree Street, N.E. Suite 800\\n\\n\\n\\nAtlanta, Georgia  30309-3053\\n\\n\\n\\nMARK R. SEIDEN, Esguire Jones Day\\n\\n\\n\\n250 Versey Street\\n\\n\\n\\nNew York, New York  10281-1047']",[154],['N.E. Suite 800\\n\\n\\n\\nAtlanta']
[ 58.  35. 154.   3.   4.  50.  22.  86.],39,58,1,['GPE'],175,2,"['Suite 200 Tampa, Florida  33606\\n\\n\\n\\nOn behalf of R. J. Reynolds:\\n\\n\\n\\nJOHN WALKER, ESQUIRE\\n\\n\\n\\nJENNIFER L. WEIZENECKER, ESQUIRE\\n\\n\\n\\nMICHAEL C. MCLAUGHLIN, ESQUIRE Jones Day\\n\\n\\n\\n1420 Peachtree Street, N.E. Suite 800\\n\\n\\n\\nAtlanta, Georgia  30309-3053\\n\\n\\n\\nMARK R. SEIDEN, Esguire Jones Day\\n\\n\\n\\n250 Versey Street\\n\\n\\n\\nNew York, New York  10281-1047']",[154],['New York']
[ 61.  35. 154.  11.   4.  50.  22.  26.],40,60,1,['PHONE_NUMBER'],175,4,"['Suite 200 Tampa, Florida  33606\\n\\n\\n\\nOn behalf of R. J. Reynolds:\\n\\n\\n\\nJOHN WALKER, ESQUIRE\\n\\n\\n\\nJENNIFER L. WEIZENECKER, ESQUIRE\\n\\n\\n\\nMICHAEL C. MCLAUGHLIN, ESQUIRE Jones Day\\n\\n\\n\\n1420 Peachtree Street, N.E. Suite 800\\n\\n\\n\\nAtlanta, Georgia  30309-3053\\n\\n\\n\\nMARK R. SEIDEN, Esguire Jones Day\\n\\n\\n\\n250 Versey Street\\n\\n\\n\\nNew York, New York  10281-1047']",[154],['309-3053']
[ 61.  35. 154.  11.   4.  50.  22.  26.],40,61,2,['PHONE_NUMBER'],175,4,"['Suite 200 Tampa, Florida  33606\\n\\n\\n\\nOn behalf of R. J. Reynolds:\\n\\n\\n\\nJOHN WALKER, ESQUIRE\\n\\n\\n\\nJENNIFER L. WEIZENECKER, ESQUIRE\\n\\n\\n\\nMICHAEL C. MCLAUGHLIN, ESQUIRE Jones Day\\n\\n\\n\\n1420 Peachtree Street, N.E. Suite 800\\n\\n\\n\\nAtlanta, Georgia  30309-3053\\n\\n\\n\\nMARK R. SEIDEN, Esguire Jones Day\\n\\n\\n\\n250 Versey Street\\n\\n\\n\\nNew York, New York  10281-1047']",[154],['281-1047']
[ 61.  35. 154.  11.   4.  50.  22.  26.],40,62,2,['PHONE_NUMBER'],175,4,"['Suite 200 Tampa, Florida  33606\\n\\n\\n\\nOn behalf of R. J. Reynolds:\\n\\n\\n\\nJOHN WALKER, ESQUIRE\\n\\n\\n\\nJENNIFER L. WEIZENECKER, ESQUIRE\\n\\n\\n\\nMICHAEL C. MCLAUGHLIN, ESQUIRE Jones Day\\n\\n\\n\\n1420 Peachtree Street, N.E. Suite 800\\n\\n\\n\\nAtlanta, Georgia  30309-3053\\n\\n\\n\\nMARK R. SEIDEN, Esguire Jones Day\\n\\n\\n\\n250 Versey Street\\n\\n\\n\\nNew York, New York  10281-1047']",[154],['309 3053']
[ 61.  35. 154.  11.   4.  50.  22.  26.],40,63,2,['PHONE_NUMBER'],175,4,"['Suite 200 Tampa, Florida  33606\\n\\n\\n\\nOn behalf of R. J. Reynolds:\\n\\n\\n\\nJOHN WALKER, ESQUIRE\\n\\n\\n\\nJENNIFER L. WEIZENECKER, ESQUIRE\\n\\n\\n\\nMICHAEL C. MCLAUGHLIN, ESQUIRE Jones Day\\n\\n\\n\\n1420 Peachtree Street, N.E. Suite 800\\n\\n\\n\\nAtlanta, Georgia  30309-3053\\n\\n\\n\\nMARK R. SEIDEN, Esguire Jones Day\\n\\n\\n\\n250 Versey Street\\n\\n\\n\\nNew York, New York  10281-1047']",[154],['281 1047']
[ 64.  35. 154.   1.   4.  50.  22.   5.],41,59,1,['DATE'],175,4,"['Suite 200 Tampa, Florida  33606\\n\\n\\n\\nOn behalf of R. J. Reynolds:\\n\\n\\n\\nJOHN WALKER, ESQUIRE\\n\\n\\n\\nJENNIFER L. WEIZENECKER, ESQUIRE\\n\\n\\n\\nMICHAEL C. MCLAUGHLIN, ESQUIRE Jones Day\\n\\n\\n\\n1420 Peachtree Street, N.E. Suite 800\\n\\n\\n\\nAtlanta, Georgia  30309-3053\\n\\n\\n\\nMARK R. SEIDEN, Esguire Jones Day\\n\\n\\n\\n250 Versey Street\\n\\n\\n\\nNew York, New York  10281-1047']",[154],['10281-1047']
[ 64.  35. 154.   1.   4.  50.  22.   5.],41,64,1,['DATE'],175,4,"['Suite 200 Tampa, Florida  33606\\n\\n\\n\\nOn behalf of R. J. Reynolds:\\n\\n\\n\\nJOHN WALKER, ESQUIRE\\n\\n\\n\\nJENNIFER L. WEIZENECKER, ESQUIRE\\n\\n\\n\\nMICHAEL C. MCLAUGHLIN, ESQUIRE Jones Day\\n\\n\\n\\n1420 Peachtree Street, N.E. Suite 800\\n\\n\\n\\nAtlanta, Georgia  30309-3053\\n\\n\\n\\nMARK R. SEIDEN, Esguire Jones Day\\n\\n\\n\\n250 Versey Street\\n\\n\\n\\nNew York, New York  10281-1047']",[154],"[""('ida', '33606')""]"
[ 64.  35. 154.   1.   4.  50.  22.   5.],41,65,1,['DATE'],175,4,"['Suite 200 Tampa, Florida  33606\\n\\n\\n\\nOn behalf of R. J. Reynolds:\\n\\n\\n\\nJOHN WALKER, ESQUIRE\\n\\n\\n\\nJENNIFER L. WEIZENECKER, ESQUIRE\\n\\n\\n\\nMICHAEL C. MCLAUGHLIN, ESQUIRE Jones Day\\n\\n\\n\\n1420 Peachtree Street, N.E. Suite 800\\n\\n\\n\\nAtlanta, Georgia  30309-3053\\n\\n\\n\\nMARK R. SEIDEN, Esguire Jones Day\\n\\n\\n\\n250 Versey Street\\n\\n\\n\\nNew York, New York  10281-1047']",[154],"[""('gia', '30309')""]"
[ 64.  35. 154.   1.   4.  50.  22.   5.],41,66,1,['DATE'],175,4,"['Suite 200 Tampa, Florida  33606\\n\\n\\n\\nOn behalf of R. J. Reynolds:\\n\\n\\n\\nJOHN WALKER, ESQUIRE\\n\\n\\n\\nJENNIFER L. WEIZENECKER, ESQUIRE\\n\\n\\n\\nMICHAEL C. MCLAUGHLIN, ESQUIRE Jones Day\\n\\n\\n\\n1420 Peachtree Street, N.E. Suite 800\\n\\n\\n\\nAtlanta, Georgia  30309-3053\\n\\n\\n\\nMARK R. SEIDEN, Esguire Jones Day\\n\\n\\n\\n250 Versey Street\\n\\n\\n\\nNew York, New York  10281-1047']",[154],"[""('k', '10281')""]"
[ 67.   1. 207.   0.   5.   3.  19.  22.],42,67,0,['CARDINAL'],175,1,['20\\n\\n\\n\\nALSO PRESENT:  '],[207],['20\\n\\n\\n\\nALSO']
[ 68.   6. 211.  10.  63.  11.  24.  41.],43,68,1,['PERSON'],175,2,"['Ben Wooded, Esquire\\n\\n\\n\\nBrook Jagues, Esquire 22\\n\\n\\n\\nVeritext Reporting Company 212-2 7 9-9424                      www.veritext.com                      ']",[211],['Ben Wooded']
[ 68.   6. 211.  10.  63.  11.  24.  41.],43,71,2,['CARDINAL'],175,2,"['Ben Wooded, Esquire\\n\\n\\n\\nBrook Jagues, Esquire 22\\n\\n\\n\\nVeritext Reporting Company 212-2 7 9-9424                      www.veritext.com                      ']",[211],['212']
[ 69.   6. 211.  10.  63.  11.  24.  61.],44,69,0,['PERSON'],175,2,"['Ben Wooded, Esquire\\n\\n\\n\\nBrook Jagues, Esquire 22\\n\\n\\n\\nVeritext Reporting Company 212-2 7 9-9424                      www.veritext.com                      ']",[211],['Esquire\\n\\n\\n\\nBrook Jagues']
[ 69.   6. 211.  10.  63.  11.  24.  61.],44,70,1,['PERSON'],175,2,"['Ben Wooded, Esquire\\n\\n\\n\\nBrook Jagues, Esquire 22\\n\\n\\n\\nVeritext Reporting Company 212-2 7 9-9424                      www.veritext.com                      ']",[211],['Esquire']
[ 72.   6. 211.   1.  63.  11.  24.   2.],45,72,0,['DATE'],175,2,"['Ben Wooded, Esquire\\n\\n\\n\\nBrook Jagues, Esquire 22\\n\\n\\n\\nVeritext Reporting Company 212-2 7 9-9424                      www.veritext.com                      ']",[211],"[""('e', '22')""]"
[ 72.   6. 211.   1.  63.  11.  24.   2.],45,73,0,['DATE'],175,2,"['Ben Wooded, Esquire\\n\\n\\n\\nBrook Jagues, Esquire 22\\n\\n\\n\\nVeritext Reporting Company 212-2 7 9-9424                      www.veritext.com                      ']",[211],"[""('e', '22')""]"
[ 74.   2. 231.   0.   6.   4.   6.  23.],46,74,1,['CARDINAL'],175,1,['212-490-3 430\\n\\n\\n\\nc8b13f28-7ef2-4836-9bb0-02c0f6aa6e16\\n\\npgNbr=2\\n\\nPage 1120\\n\\n\\n\\nINDEX\\n\\n\\n\\nKENNETH'],[231],['212']
[ 75.   2. 231.   0.   6.   4.   6.  34.],47,75,0,['CARDINAL'],175,1,['212-490-3 430\\n\\n\\n\\nc8b13f28-7ef2-4836-9bb0-02c0f6aa6e16\\n\\npgNbr=2\\n\\nPage 1120\\n\\n\\n\\nINDEX\\n\\n\\n\\nKENNETH'],[231],['430\\n\\n\\n\\nc8b13f28']
[ 76.   3. 246.  10.  66.  34.   9.  75.],48,76,1,['PERSON'],175,1,"['MICHAEL CUMMINGS, Ph.D\\n\\n\\n\\nDIRECT EXAMINATION\\n\\n\\n\\nBy  ']",[246],['MICHAEL CUMMINGS']
[ 77.   3. 246.  10.  66.  34.   9.  57.],49,77,0,['PERSON'],175,1,"['MICHAEL CUMMINGS, Ph.D\\n\\n\\n\\nDIRECT EXAMINATION\\n\\n\\n\\nBy  ']",[246],['EXAMINATION\\n\\n\\n\\nBy']
[ 78.   0. 254.  10.  -1.  37.   8.   0.],50,78,1,['PERSON'],175,1,['Mr.   Prysock--------------------------\\n\\n\\n\\nEXHIBITS\\n\\n\\n\\n-none-\\n\\n\\n\\n1124\\n\\nTHE COURT:  '],[254],['  ']
[ 79.   1. 267.   9.  43.  42.  20.  91.],51,79,1,['ORG'],175,1,['PRYSOCK:  '],[267],['PRYSOCK']
[ 80.   1. 270.   1.  16.  35.  15.  76.],52,80,1,['DATE'],175,1,['May'],[270],['May']
[ 81.   1. 281.   9.  45.  43.  21.  92.],53,81,0,['ORG'],175,1,['PRYSOCK:\\n\\n\\n\\nQ    '],[281],['PRYSOCK:\\n\\n\\n\\nQ']
[ 82.   3. 283.   1.  15.  16.  49.  68.],54,82,1,['DATE'],175,1,"['Good morning, Dr. Cummings.  ']",[283],['Good morning']
[ 83.   3. 283.  10.  15.  16.  49.  47.],55,83,1,['PERSON'],175,1,"['Good morning, Dr. Cummings.  ']",[283],['Cummings']
[ 84.   1. 295.  10.  74.  77.  50. 152.],56,84,0,['PERSON'],175,1,['name.\\n\\n\\n\\nA    '],[295],['name.\\n\\n\\n\\nA']
[ 85.   5. 297.  10.  65.  33.  12.  71.],57,85,0,['PERSON'],175,1,"['Kenneth Michael Cummings.\\n\\n\\n\\nQ    Dr. Cummings, what is your current profession?\\n\\n\\n\\nA    ']",[297],['Kenneth Michael Cummings.\\n\\n\\n\\nQ']
[ 86.   5. 297.  10.  65.  33.  12.  47.],58,86,1,['PERSON'],175,1,"['Kenneth Michael Cummings.\\n\\n\\n\\nQ    Dr. Cummings, what is your current profession?\\n\\n\\n\\nA    ']",[297],['Cummings']
[ 87.   5. 297.  12.  65.  33.  12. 160.],59,87,0,['PRODUCT'],175,1,"['Kenneth Michael Cummings.\\n\\n\\n\\nQ    Dr. Cummings, what is your current profession?\\n\\n\\n\\nA    ']",[297],['profession?\\n\\n\\n\\nA    ']
[ 88.   4. 310.   9.  41.  24.   0.  77.],60,88,0,['ORG'],175,1,"[""I'm a professor in the department of psychiatry\\n\\n\\n\\nand behavioral sciences at the Medical University of\\n\\n\\n\\nSouth Carolina.\\n\\n\\n\\nQ    ""]",[310],['Medical University of\\n\\n\\n\\nSouth Carolina.\\n\\n\\n\\nQ']
[ 89.   3. 328.   3.  25.   9.  45.  45.],61,89,1,['GPE'],175,1,"['And where is that located, sir?\\n\\n\\n\\nA    Charleston, South Carolina.\\n\\n\\n\\nQ    ']",[328],['Charleston']
[ 90.   3. 328.   7.  25.   9.  45. 108.],62,90,0,['NORP'],175,1,"['And where is that located, sir?\\n\\n\\n\\nA    Charleston, South Carolina.\\n\\n\\n\\nQ    ']",[328],['South Carolina.\\n\\n\\n\\nQ']
[ 91.   2. 344.  13.  81.  61.  40. 185.],63,91,1,['TIME'],175,1,"[""We're going to go through a little bit\\n\\n\\n\\nof your experience and background this morning before we\\n\\n\\n\\nstart""]",[344],['this morning']
[ 92.   5. 370.   8.  36.  73.  60. 138.],64,92,1,['ORDINAL'],175,1,"['but\\n\\n\\n\\nwhat I would like to do first is start with your\\n\\n\\n\\neducation, where you went to; where you attended\\n\\n\\n\\ncollege, where you did your postgraduate studies, what\\n\\n\\n\\nit was in, and that type thing.\\n\\n\\n\\nA    Sure.  ']",[370],['first']
[ 93.   5. 370.   4.  36.  73.  60. 201.],65,93,0,['LANGUAGE'],175,1,"['but\\n\\n\\n\\nwhat I would like to do first is start with your\\n\\n\\n\\neducation, where you went to; where you attended\\n\\n\\n\\ncollege, where you did your postgraduate studies, what\\n\\n\\n\\nit was in, and that type thing.\\n\\n\\n\\nA    Sure.  ']",[370],['your\\n\\n\\n\\neducation']
[ 94.   5. 370.   9.  36.  73.  60. 127.],66,94,0,['ORG'],175,1,"['but\\n\\n\\n\\nwhat I would like to do first is start with your\\n\\n\\n\\neducation, where you went to; where you attended\\n\\n\\n\\ncollege, where you did your postgraduate studies, what\\n\\n\\n\\nit was in, and that type thing.\\n\\n\\n\\nA    Sure.  ']",[370],['attended\\n\\n\\n\\ncollege']
[ 95.   5. 370.  12.  36.  73.  60. 184.],67,95,0,['PRODUCT'],175,1,"['but\\n\\n\\n\\nwhat I would like to do first is start with your\\n\\n\\n\\neducation, where you went to; where you attended\\n\\n\\n\\ncollege, where you did your postgraduate studies, what\\n\\n\\n\\nit was in, and that type thing.\\n\\n\\n\\nA    Sure.  ']",[370],['thing.\\n\\n\\n\\nA    Sure']
[ 96.   1. 413.   9.  48.  63.  61. 126.],68,96,0,['ORG'],175,1,"['Well, I started out actually at\\n\\n\\n\\nFlorida']",[413],['at\\n\\n\\n\\nFlorida']
[ 97.   4. 420.   5.  31.  49.  10. 109.],69,97,1,['LOC'],175,1,"['Southern College here for a semester, and then I\\n\\n\\n\\ntransferred to Miami University.  ']",[420],['Southern College']
[ 98.   4. 420.   9.  31.  49.  10.  80.],70,98,1,['ORG'],175,1,"['Southern College here for a semester, and then I\\n\\n\\n\\ntransferred to Miami University.  ']",[420],['Miami University']
[ 99.   4. 435.   3.  28.  36.  16.  79.],71,99,1,['GPE'],175,1,"['Miami, Ohio, the one\\n\\n\\n\\nup in Oxford, Ohio, not down here, and I did my degree\\n\\n\\n\\nin physical education and health education.  ']",[435],['Miami']
[101.   4. 435.   3.  28.  36.  16.  90.],72,100,1,['GPE'],175,3,"['Miami, Ohio, the one\\n\\n\\n\\nup in Oxford, Ohio, not down here, and I did my degree\\n\\n\\n\\nin physical education and health education.  ']",[435],['Ohio']
[101.   4. 435.   3.  28.  36.  16.  90.],72,101,2,['GPE'],175,3,"['Miami, Ohio, the one\\n\\n\\n\\nup in Oxford, Ohio, not down here, and I did my degree\\n\\n\\n\\nin physical education and health education.  ']",[435],['Oxford']
[101.   4. 435.   3.  28.  36.  16.  90.],72,102,3,['GPE'],175,3,"['Miami, Ohio, the one\\n\\n\\n\\nup in Oxford, Ohio, not down here, and I did my degree\\n\\n\\n\\nin physical education and health education.  ']",[435],['Ohio']
[103.   6. 462.   9.  56.   6.  66. 176.],73,103,1,['ORG'],175,1,"[""After that\\n\\n\\n\\nI went to the University of Michigan where I did a\\n\\n\\n\\nmaster's of public health and health behavior and health\\n\\n\\n\\neducation, and then I continued to do my Ph.D. at the\\n\\n\\n\\nUniversity of Michigan in the same area, public health\\n\\n\\n\\neducation, health behavior.\\n\\n\\n\\nSo""]",[462],['the University of Michigan']
[104.   6. 462.  14.  56.   6.  66.  95.],74,104,1,['WORK_OF_ART'],175,1,"[""After that\\n\\n\\n\\nI went to the University of Michigan where I did a\\n\\n\\n\\nmaster's of public health and health behavior and health\\n\\n\\n\\neducation, and then I continued to do my Ph.D. at the\\n\\n\\n\\nUniversity of Michigan in the same area, public health\\n\\n\\n\\neducation, health behavior.\\n\\n\\n\\nSo""]",[462],['Ph.D.']
[105.   6. 462.   3.  56.   6.  66.  81.],75,105,1,['GPE'],175,1,"[""After that\\n\\n\\n\\nI went to the University of Michigan where I did a\\n\\n\\n\\nmaster's of public health and health behavior and health\\n\\n\\n\\neducation, and then I continued to do my Ph.D. at the\\n\\n\\n\\nUniversity of Michigan in the same area, public health\\n\\n\\n\\neducation, health behavior.\\n\\n\\n\\nSo""]",[462],['Michigan']
[106.   1. 506.  10.  73.  79.   1. 142.],76,106,0,['PERSON'],175,1,"[""that's the education that I've had.\\n\\n\\n\\nQ    ""]",[506],['had.\\n\\n\\n\\nQ']
[107.   4. 518.   3.  30.   7.  39. 181.],77,107,0,['GPE'],175,1,['After you received your doctorate at the\\n\\n\\n\\nUniversity of Michigan where did you go to work?\\n\\n\\n\\nA    '],[518],['the\\n\\n\\n\\nUniversity of Michigan']
[108.   4. 518.   2.  30.   7.  39. 195.],78,108,0,['FAC'],175,1,['After you received your doctorate at the\\n\\n\\n\\nUniversity of Michigan where did you go to work?\\n\\n\\n\\nA    '],[518],['work?\\n\\n\\n\\nA    ']
[109.   2. 534.  10.  77.  62.  61. 190.],79,109,0,['PERSON'],175,1,"['Well, I started out actually as I was\\n\\n\\n\\nfinishing up my Ph.D.']",[534],['was\\n\\n\\n\\nfinishing']
[110.   2. 534.  14.  77.  62.  61.  95.],80,110,1,['WORK_OF_ART'],175,1,"['Well, I started out actually as I was\\n\\n\\n\\nfinishing up my Ph.D.']",[534],['Ph.D.']
[111.  15. 546.  10.  70.  23.  67. 116.],81,111,0,['PERSON'],175,1,"[""I was working at Wayne State\\n\\n\\n\\nUniversity in the department of community medicine\\n\\n\\n\\nthere, and then I was offered a job at Roswell Park\\n\\n\\n\\nCancer Institute in Buffalo, New York, and I move to\\n\\n\\n\\nBuffalo in the early 80's, early part of '81, and I\\n\\n\\n\\nstayed there until 2011.\\n\\n\\n\\nSo""]",[546],['Wayne State\\n\\n\\n\\nUniversity']
[112.  15. 546.   0.  70.  23.  67. 151.],82,112,0,['CARDINAL'],175,1,"[""I was working at Wayne State\\n\\n\\n\\nUniversity in the department of community medicine\\n\\n\\n\\nthere, and then I was offered a job at Roswell Park\\n\\n\\n\\nCancer Institute in Buffalo, New York, and I move to\\n\\n\\n\\nBuffalo in the early 80's, early part of '81, and I\\n\\n\\n\\nstayed there until 2011.\\n\\n\\n\\nSo""]",[546],['medicine\\n\\n\\n\\nthere']
[113.  15. 546.   9.  70.  23.  67. 105.],83,113,0,['ORG'],175,1,"[""I was working at Wayne State\\n\\n\\n\\nUniversity in the department of community medicine\\n\\n\\n\\nthere, and then I was offered a job at Roswell Park\\n\\n\\n\\nCancer Institute in Buffalo, New York, and I move to\\n\\n\\n\\nBuffalo in the early 80's, early part of '81, and I\\n\\n\\n\\nstayed there until 2011.\\n\\n\\n\\nSo""]",[546],['Roswell Park\\n\\n\\n\\nCancer Institute']
[114.  15. 546.   3.  70.  23.  67.  42.],84,114,1,['GPE'],175,2,"[""I was working at Wayne State\\n\\n\\n\\nUniversity in the department of community medicine\\n\\n\\n\\nthere, and then I was offered a job at Roswell Park\\n\\n\\n\\nCancer Institute in Buffalo, New York, and I move to\\n\\n\\n\\nBuffalo in the early 80's, early part of '81, and I\\n\\n\\n\\nstayed there until 2011.\\n\\n\\n\\nSo""]",[546],['Buffalo']
[114.  15. 546.   3.  70.  23.  67.  42.],84,118,2,['DATE'],175,2,"[""I was working at Wayne State\\n\\n\\n\\nUniversity in the department of community medicine\\n\\n\\n\\nthere, and then I was offered a job at Roswell Park\\n\\n\\n\\nCancer Institute in Buffalo, New York, and I move to\\n\\n\\n\\nBuffalo in the early 80's, early part of '81, and I\\n\\n\\n\\nstayed there until 2011.\\n\\n\\n\\nSo""]",[546],['81']
[115.  15. 546.   3.  70.  23.  67.  86.],85,115,1,['GPE'],175,1,"[""I was working at Wayne State\\n\\n\\n\\nUniversity in the department of community medicine\\n\\n\\n\\nthere, and then I was offered a job at Roswell Park\\n\\n\\n\\nCancer Institute in Buffalo, New York, and I move to\\n\\n\\n\\nBuffalo in the early 80's, early part of '81, and I\\n\\n\\n\\nstayed there until 2011.\\n\\n\\n\\nSo""]",[546],['New York']
[116.  15. 546.   0.  70.  23.  67. 187.],86,116,0,['CARDINAL'],175,1,"[""I was working at Wayne State\\n\\n\\n\\nUniversity in the department of community medicine\\n\\n\\n\\nthere, and then I was offered a job at Roswell Park\\n\\n\\n\\nCancer Institute in Buffalo, New York, and I move to\\n\\n\\n\\nBuffalo in the early 80's, early part of '81, and I\\n\\n\\n\\nstayed there until 2011.\\n\\n\\n\\nSo""]",[546],['to\\n\\n\\n\\nBuffalo']
[117.  15. 546.   1.  70.  23.  67. 177.],87,117,1,['DATE'],175,1,"[""I was working at Wayne State\\n\\n\\n\\nUniversity in the department of community medicine\\n\\n\\n\\nthere, and then I was offered a job at Roswell Park\\n\\n\\n\\nCancer Institute in Buffalo, New York, and I move to\\n\\n\\n\\nBuffalo in the early 80's, early part of '81, and I\\n\\n\\n\\nstayed there until 2011.\\n\\n\\n\\nSo""]",[546],"[""the early 80's""]"
[120.  15. 546.   1.  70.  23.  67.   7.],88,119,0,['DATE'],175,2,"[""I was working at Wayne State\\n\\n\\n\\nUniversity in the department of community medicine\\n\\n\\n\\nthere, and then I was offered a job at Roswell Park\\n\\n\\n\\nCancer Institute in Buffalo, New York, and I move to\\n\\n\\n\\nBuffalo in the early 80's, early part of '81, and I\\n\\n\\n\\nstayed there until 2011.\\n\\n\\n\\nSo""]",[546],"[""('ly', '80')""]"
[120.  15. 546.   1.  70.  23.  67.   7.],88,120,0,['DATE'],175,2,"[""I was working at Wayne State\\n\\n\\n\\nUniversity in the department of community medicine\\n\\n\\n\\nthere, and then I was offered a job at Roswell Park\\n\\n\\n\\nCancer Institute in Buffalo, New York, and I move to\\n\\n\\n\\nBuffalo in the early 80's, early part of '81, and I\\n\\n\\n\\nstayed there until 2011.\\n\\n\\n\\nSo""]",[546],"[""('ly', '80')""]"
[121.   2. 597.   5.  32.  20.  55. 146.],89,121,0,['LOC'],175,1,['I sort of rose up the ranks from a junior\\n\\n\\n\\nscientist to a senior research scientist there where I\\n\\n\\n\\ndirected their cancer prevention program.\\n\\n\\n\\nQ    '],[597],['junior\\n\\n\\n\\nscientist']
[122.   2. 597.   7.  32.  20.  55. 161.],90,122,0,['NORP'],175,1,['I sort of rose up the ranks from a junior\\n\\n\\n\\nscientist to a senior research scientist there where I\\n\\n\\n\\ndirected their cancer prevention program.\\n\\n\\n\\nQ    '],[597],['program.\\n\\n\\n\\nQ']
[123.   4. 620.   2.  19.  69.  56. 103.],91,123,1,['FAC'],175,1,['You said Roswell Park Cancer Center.  '],[620],['Roswell Park Cancer Center']
[124.   2. 628.   9.  58.  14.  63. 186.],92,124,0,['ORG'],175,1,"['For those\\n\\n\\n\\nwho may not be familiar with it from this part of the\\n\\n\\n\\ncountry, can you please tell us what the Roswell Park\\n\\n\\n\\nCancer']",[628],['those\\n\\n\\n\\nwho']
[125.   2. 628.  10.  58.  14.  63. 101.],93,125,1,['PERSON'],175,1,"['For those\\n\\n\\n\\nwho may not be familiar with it from this part of the\\n\\n\\n\\ncountry, can you please tell us what the Roswell Park\\n\\n\\n\\nCancer']",[628],['Roswell']
[126.   4. 654.   9.  42.  53.   1.  85.],94,126,0,['ORG'],175,1,"[""That's a designated the National Cancer\\n\\n\\n\\nInstitute designates comprehensive cancer centers.\\n\\n\\n\\nThere's about 40 of them around the country.  ""]",[654],['National Cancer\\n\\n\\n\\nInstitute']
[127.   4. 654.   0.  42.  53.   1. 122.],95,127,1,['CARDINAL'],175,1,"[""That's a designated the National Cancer\\n\\n\\n\\nInstitute designates comprehensive cancer centers.\\n\\n\\n\\nThere's about 40 of them around the country.  ""]",[654],['about 40']
[128.   4. 675.   0.  11.  44.  65. 158.],96,128,1,['CARDINAL'],175,1,"['Roswell\\n\\n\\n\\nPark was one of the first designated cancer centers back\\n\\n\\n\\nin 1971, and it basically that designation requires\\n\\n\\n\\nyou to have excellence in research and treatment for\\n\\n\\n\\ncancer.  ']",[675],['one']
[129.   4. 675.   8.  11.  44.  65. 138.],97,129,1,['ORDINAL'],175,2,"['Roswell\\n\\n\\n\\nPark was one of the first designated cancer centers back\\n\\n\\n\\nin 1971, and it basically that designation requires\\n\\n\\n\\nyou to have excellence in research and treatment for\\n\\n\\n\\ncancer.  ']",[675],['first']
[129.   4. 675.   8.  11.  44.  65. 138.],97,131,1,['LOC'],175,2,"['Roswell\\n\\n\\n\\nPark was one of the first designated cancer centers back\\n\\n\\n\\nin 1971, and it basically that designation requires\\n\\n\\n\\nyou to have excellence in research and treatment for\\n\\n\\n\\ncancer.  ']",[675],['for\\n\\n\\n\\ncancer']
[130.   4. 675.   1.  11.  44.  65.  18.],98,130,1,['DATE'],175,1,"['Roswell\\n\\n\\n\\nPark was one of the first designated cancer centers back\\n\\n\\n\\nin 1971, and it basically that designation requires\\n\\n\\n\\nyou to have excellence in research and treatment for\\n\\n\\n\\ncancer.  ']",[675],['1971']
[132.   1. 703.  10.  71.  46.  35. 130.],99,132,0,['PERSON'],175,1,"[""So it's focussed on, you know, early detection,\\n\\n\\n\\nprevention of cancer, as well as developing treatments\\n\\n\\n\\nfor cancer.\\n\\n\\n\\nQ    ""]",[703],['cancer.\\n\\n\\n\\nQ    ']
[134.   2. 724.   1.  12.  15.  65.  21.],100,133,1,['DATE'],175,2,['From 1982 to 2011 what was your position at the\\n\\n\\n\\nRoswell'],[724],['1982']
[134.   2. 724.   1.  12.  15.  65.  21.],100,134,2,['DATE'],175,2,['From 1982 to 2011 what was your position at the\\n\\n\\n\\nRoswell'],[724],['2011']
[136.   2. 724.   1.  12.  15.  65.   8.],101,135,0,['DATE'],175,2,['From 1982 to 2011 what was your position at the\\n\\n\\n\\nRoswell'],[724],"[""('om', '1982')""]"
[136.   2. 724.   1.  12.  15.  65.   8.],101,136,0,['DATE'],175,2,['From 1982 to 2011 what was your position at the\\n\\n\\n\\nRoswell'],[724],"[""('om', '1982')""]"
[137.   2. 738.  10.  69.  64.  61. 104.],102,137,0,['PERSON'],175,1,"['Well, I started out as a junior scientist in\\n\\n\\n\\nthe department of cancer prevention, and my area of\\n\\n\\n\\nspecialty was in health behavior, and I got involved in\\n\\n\\n\\ndoing smoking cessation programs, and set up the clinics\\n\\n\\n\\nthat operated at Roswell Park.\\n\\n\\n\\nI continued to do that.  ']",[738],['Roswell Park.\\n\\n\\n\\nI']
[138.   2. 786.   2.  22.  41.  65. 159.],103,138,0,['FAC'],175,2,"[""Of course it's a\\n\\n\\n\\nresearch institution, so I was there to do research as\\n\\n\\n\\nwell, so a lot of my research focused on why people\\n\\n\\n\\nsmoke, why they have difficulties quitting, methods for\\n\\n\\n\\nhelping people quit.\\n\\n\\n\\nI was pretty successful at getting grants.  ""]",[786],['people\\n\\n\\n\\nsmoke']
[138.   2. 786.   2.  22.  41.  65. 159.],103,139,0,['PERSON'],175,2,"[""Of course it's a\\n\\n\\n\\nresearch institution, so I was there to do research as\\n\\n\\n\\nwell, so a lot of my research focused on why people\\n\\n\\n\\nsmoke, why they have difficulties quitting, methods for\\n\\n\\n\\nhelping people quit.\\n\\n\\n\\nI was pretty successful at getting grants.  ""]",[786],['quit.\\n\\n\\n\\nI']
[140.   1. 831.   0.   8.  29.  51.  39.],104,140,1,['CARDINAL'],175,1,"['I\\n\\n\\n\\nrows up the ranks, and, you know, in the latter part of\\n\\n\\n\\nthe 90']",[831],['90']
[142.   7. 848.  10.  57.  21.  25. 183.],105,141,0,['ORG'],175,2,"['I was basically appointed as chair of the\\n\\n\\n\\nDepartment of Health Behavior there, head of their\\n\\n\\n\\ncancer prevention program, had about 200 people']",[848],['the\\n\\n\\n\\nDepartment of Health Behavior']
[142.   7. 848.  10.  57.  21.  25. 183.],105,142,0,['PERSON'],175,2,"['I was basically appointed as chair of the\\n\\n\\n\\nDepartment of Health Behavior there, head of their\\n\\n\\n\\ncancer prevention program, had about 200 people']",[848],['their\\n\\n\\n\\ncancer']
[143.   7. 848.   0.  57.  21.  25. 120.],106,143,1,['CARDINAL'],175,1,"['I was basically appointed as chair of the\\n\\n\\n\\nDepartment of Health Behavior there, head of their\\n\\n\\n\\ncancer prevention program, had about 200 people']",[848],['about 200']
[144.   1. 871.   7.  34.  81.  68. 196.],107,144,0,['NORP'],175,1,['working\\n\\n\\n\\nunder'],[871],['working\\n\\n\\n\\nunder']
[145.   2. 872.   3.  27.  75.  46.  74.],108,145,1,['GPE'],175,1,"[""me, M.D.'s, Ph.D.'s, master's.  ""]",[872],['M.D.']
[146.   2. 872.  14.  27.  75.  46.  95.],109,146,1,['WORK_OF_ART'],175,1,"[""me, M.D.'s, Ph.D.'s, master's.  ""]",[872],['Ph.D.']
[147.   4. 884.  10.  68.  60.  53.  96.],110,147,1,['PERSON'],175,1,"['We ran I\\n\\n\\n\\ncreated the New York State Smokers Quit Line, which\\n\\n\\n\\nprovided a toll free hotline for smokers to call\\n\\n\\n\\nto get help.  ']",[884],['Quit Line']
[148.   4. 884.   9.  68.  60.  53. 194.],111,148,0,['ORG'],175,1,"['We ran I\\n\\n\\n\\ncreated the New York State Smokers Quit Line, which\\n\\n\\n\\nprovided a toll free hotline for smokers to call\\n\\n\\n\\nto get help.  ']",[884],['which\\n\\n\\n\\nprovided']
[149.   4. 884.   3.  68.  60.  53. 129.],112,149,0,['GPE'],175,1,"['We ran I\\n\\n\\n\\ncreated the New York State Smokers Quit Line, which\\n\\n\\n\\nprovided a toll free hotline for smokers to call\\n\\n\\n\\nto get help.  ']",[884],['call\\n\\n\\n\\nto']
[150.   5. 908.   1.  18.  19.  57. 178.],113,150,1,['DATE'],175,1,"[""I set that up in the late 90's, and survey\\n\\n\\n\\nresearch center, tobacco testing lab.  ""]",[908],"[""the late 90's""]"
[151.   5. 908.   9.  18.  19.  57. 171.],114,151,0,['ORG'],175,1,"[""I set that up in the late 90's, and survey\\n\\n\\n\\nresearch center, tobacco testing lab.  ""]",[908],['survey\\n\\n\\n\\nresearch']
[152.   1. 927.   1.  13.  48.  37.  21.],115,152,1,['DATE'],175,1,"['So, you know, it\\n\\n\\n\\nsort of follows along.\\n\\n\\n\\nThen when I left in 2011.']",[927],['2011']
[153.   1. 942.   3.  24.  38.  58.  45.],116,153,1,['GPE'],175,1,"['My family had all\\n\\n\\n\\nmoved, my kids had settled in Charleston.  ']",[942],['Charleston']
[154.   7. 955.  10.  67.  55.  44.  78.],117,154,0,['PERSON'],175,1,"[""The Medical\\n\\n\\n\\nUniversity offered me a job, so I left the cold and went\\n\\n\\n\\nto see the grandkids down in Charleston, and I've been\\n\\n\\n\\nthere for five years, where I've essentially tried to\\n\\n\\n\\nreplicate the same kinds of activities.\\n\\n\\n\\nI have set up a hospital-based cessation\\n\\n\\n\\nservice for our patients.  ""]",[955],['Medical\\n\\n\\n\\nUniversity']
[155.   7. 955.   3.  67.  55.  44.  45.],118,155,1,['GPE'],175,1,"[""The Medical\\n\\n\\n\\nUniversity offered me a job, so I left the cold and went\\n\\n\\n\\nto see the grandkids down in Charleston, and I've been\\n\\n\\n\\nthere for five years, where I've essentially tried to\\n\\n\\n\\nreplicate the same kinds of activities.\\n\\n\\n\\nI have set up a hospital-based cessation\\n\\n\\n\\nservice for our patients.  ""]",[955],['Charleston']
[156.   7. 955.   9.  67.  55.  44. 128.],119,156,0,['ORG'],175,3,"[""The Medical\\n\\n\\n\\nUniversity offered me a job, so I left the cold and went\\n\\n\\n\\nto see the grandkids down in Charleston, and I've been\\n\\n\\n\\nthere for five years, where I've essentially tried to\\n\\n\\n\\nreplicate the same kinds of activities.\\n\\n\\n\\nI have set up a hospital-based cessation\\n\\n\\n\\nservice for our patients.  ""]",[955],['been\\n\\n\\n\\nthere']
[156.   7. 955.   9.  67.  55.  44. 128.],119,158,0,['ORG'],175,3,"[""The Medical\\n\\n\\n\\nUniversity offered me a job, so I left the cold and went\\n\\n\\n\\nto see the grandkids down in Charleston, and I've been\\n\\n\\n\\nthere for five years, where I've essentially tried to\\n\\n\\n\\nreplicate the same kinds of activities.\\n\\n\\n\\nI have set up a hospital-based cessation\\n\\n\\n\\nservice for our patients.  ""]",[955],['activities.\\n\\n\\n\\nI']
[156.   7. 955.   9.  67.  55.  44. 128.],119,159,0,['ORG'],175,3,"[""The Medical\\n\\n\\n\\nUniversity offered me a job, so I left the cold and went\\n\\n\\n\\nto see the grandkids down in Charleston, and I've been\\n\\n\\n\\nthere for five years, where I've essentially tried to\\n\\n\\n\\nreplicate the same kinds of activities.\\n\\n\\n\\nI have set up a hospital-based cessation\\n\\n\\n\\nservice for our patients.  ""]",[955],['cessation\\n\\n\\n\\nservice']
[157.   7. 955.   1.  67.  55.  44. 139.],120,157,1,['DATE'],175,1,"[""The Medical\\n\\n\\n\\nUniversity offered me a job, so I left the cold and went\\n\\n\\n\\nto see the grandkids down in Charleston, and I've been\\n\\n\\n\\nthere for five years, where I've essentially tried to\\n\\n\\n\\nreplicate the same kinds of activities.\\n\\n\\n\\nI have set up a hospital-based cessation\\n\\n\\n\\nservice for our patients.  ""]",[955],['five years']
"[1.600e+02 1.000e+00 1.008e+03 9.000e+00 5.000e+01 1.300e+01 4.300e+01
 1.560e+02]",121,160,0,['ORG'],175,1,['Every patient that comes in\\n\\n\\n\\nthe hospital or emergency room is automatically offered\\n\\n\\n\\ntreatment services for smoking.  '],[1008],['offered\\n\\n\\n\\ntreatment']
[ 161.    3. 1025.   12.   79.   59.   36.  125.],122,161,0,['PRODUCT'],175,1,['We follow them after\\n\\n\\n\\ndischarge and offer them basically access to medications\\n\\n\\n\\nand follow-up support in a variety of ways.\\n\\n\\n\\nQ    '],[1025],['after\\n\\n\\n\\ndischarge']
[ 162.    3. 1025.    2.   79.   59.   36.  150.],123,162,0,['FAC'],175,1,['We follow them after\\n\\n\\n\\ndischarge and offer them basically access to medications\\n\\n\\n\\nand follow-up support in a variety of ways.\\n\\n\\n\\nQ    '],[1025],['medications\\n\\n\\n\\nand']
[ 163.    3. 1025.    9.   79.   59.   36.  191.],124,163,0,['ORG'],175,1,['We follow them after\\n\\n\\n\\ndischarge and offer them basically access to medications\\n\\n\\n\\nand follow-up support in a variety of ways.\\n\\n\\n\\nQ    '],[1025],['ways.\\n\\n\\n\\nQ']
"[1.640e+02 1.000e+00 1.046e+03 9.000e+00 4.900e+01 6.600e+01 4.300e+01
 1.540e+02]",125,164,0,['ORG'],175,1,['What is your social security number?\\n\\nA    '],[1046],['number?\\n\\nA']
"[1.650e+02 1.000e+00 1.053e+03 0.000e+00 7.000e+00 5.000e+00 5.000e+00
 3.700e+01]",126,165,1,['CARDINAL'],175,1,['859-34-1544\\n\\nQ    '],[1053],['859']
[ 166.    4. 1059.    2.   20.   10.   30.  102.],127,166,1,['FAC'],175,1,['And while at Roswell Park did you completely\\n\\n\\n\\nbecome the director of the tobacco cessation center?\\n\\n\\n\\nA    '],[1059],['Roswell Park']
[ 168.    4. 1059.   12.   20.   10.   30.  131.],128,167,0,['PERSON'],175,2,['And while at Roswell Park did you completely\\n\\n\\n\\nbecome the director of the tobacco cessation center?\\n\\n\\n\\nA    '],[1059],['completely\\n\\n\\n\\nbecome']
[ 168.    4. 1059.   12.   20.   10.   30.  131.],128,168,0,['PRODUCT'],175,2,['And while at Roswell Park did you completely\\n\\n\\n\\nbecome the director of the tobacco cessation center?\\n\\n\\n\\nA    '],[1059],['center?\\n\\n\\n\\nA']
[ 170.   10. 1085.    3.   17.   57.   34.   40.],129,170,1,['GPE'],175,1,"['They used to have\\n\\n\\n\\nthe Seven-day Adventist program come in once a year to\\n\\n\\n\\nrun clinics at Roswell when I first arrived there, and\\n\\n\\n\\nso I established stop smoking clinics for patients and\\n\\n\\n\\noperated those personally for 30 years.\\n\\n\\n\\nSo I probably have personally taken care of\\n\\n\\n\\nabout 10,000 or more smokers, running the clinics when I\\n\\n\\n\\nwas at Roswell, and then we set up the quit line to\\n\\n\\n\\nbasically make it easier.  ']",[1085],['Adventist']
[ 171.   10. 1085.    3.   17.   57.   34.  101.],130,169,1,['DATE'],175,3,"['They used to have\\n\\n\\n\\nthe Seven-day Adventist program come in once a year to\\n\\n\\n\\nrun clinics at Roswell when I first arrived there, and\\n\\n\\n\\nso I established stop smoking clinics for patients and\\n\\n\\n\\noperated those personally for 30 years.\\n\\n\\n\\nSo I probably have personally taken care of\\n\\n\\n\\nabout 10,000 or more smokers, running the clinics when I\\n\\n\\n\\nwas at Roswell, and then we set up the quit line to\\n\\n\\n\\nbasically make it easier.  ']",[1085],['Seven-day']
[ 171.   10. 1085.    3.   17.   57.   34.  101.],130,171,2,['GPE'],175,3,"['They used to have\\n\\n\\n\\nthe Seven-day Adventist program come in once a year to\\n\\n\\n\\nrun clinics at Roswell when I first arrived there, and\\n\\n\\n\\nso I established stop smoking clinics for patients and\\n\\n\\n\\noperated those personally for 30 years.\\n\\n\\n\\nSo I probably have personally taken care of\\n\\n\\n\\nabout 10,000 or more smokers, running the clinics when I\\n\\n\\n\\nwas at Roswell, and then we set up the quit line to\\n\\n\\n\\nbasically make it easier.  ']",[1085],['Roswell']
[ 171.   10. 1085.    3.   17.   57.   34.  101.],130,175,3,['GPE'],175,3,"['They used to have\\n\\n\\n\\nthe Seven-day Adventist program come in once a year to\\n\\n\\n\\nrun clinics at Roswell when I first arrived there, and\\n\\n\\n\\nso I established stop smoking clinics for patients and\\n\\n\\n\\noperated those personally for 30 years.\\n\\n\\n\\nSo I probably have personally taken care of\\n\\n\\n\\nabout 10,000 or more smokers, running the clinics when I\\n\\n\\n\\nwas at Roswell, and then we set up the quit line to\\n\\n\\n\\nbasically make it easier.  ']",[1085],['Roswell']
[ 172.   10. 1085.    8.   17.   57.   34.  138.],131,172,1,['ORDINAL'],175,1,"['They used to have\\n\\n\\n\\nthe Seven-day Adventist program come in once a year to\\n\\n\\n\\nrun clinics at Roswell when I first arrived there, and\\n\\n\\n\\nso I established stop smoking clinics for patients and\\n\\n\\n\\noperated those personally for 30 years.\\n\\n\\n\\nSo I probably have personally taken care of\\n\\n\\n\\nabout 10,000 or more smokers, running the clinics when I\\n\\n\\n\\nwas at Roswell, and then we set up the quit line to\\n\\n\\n\\nbasically make it easier.  ']",[1085],['first']
[ 173.   10. 1085.    0.   17.   57.   34.   27.],132,173,1,['CARDINAL'],175,1,"['They used to have\\n\\n\\n\\nthe Seven-day Adventist program come in once a year to\\n\\n\\n\\nrun clinics at Roswell when I first arrived there, and\\n\\n\\n\\nso I established stop smoking clinics for patients and\\n\\n\\n\\noperated those personally for 30 years.\\n\\n\\n\\nSo I probably have personally taken care of\\n\\n\\n\\nabout 10,000 or more smokers, running the clinics when I\\n\\n\\n\\nwas at Roswell, and then we set up the quit line to\\n\\n\\n\\nbasically make it easier.  ']",[1085],['30']
[ 174.   10. 1085.    0.   17.   57.   34.  155.],133,174,0,['CARDINAL'],175,1,"['They used to have\\n\\n\\n\\nthe Seven-day Adventist program come in once a year to\\n\\n\\n\\nrun clinics at Roswell when I first arrived there, and\\n\\n\\n\\nso I established stop smoking clinics for patients and\\n\\n\\n\\noperated those personally for 30 years.\\n\\n\\n\\nSo I probably have personally taken care of\\n\\n\\n\\nabout 10,000 or more smokers, running the clinics when I\\n\\n\\n\\nwas at Roswell, and then we set up the quit line to\\n\\n\\n\\nbasically make it easier.  ']",[1085],"['of\\n\\n\\n\\nabout 10,000']"
[ 176.    2. 1174.    9.   38.   47.   59.   46.],134,176,1,['ORG'],175,1,"['So, Cooper could you please share your nationality?\\n\\nA    ']",[1174],['Cooper']
[ 177.    2. 1174.    9.   38.   47.   59.  153.],135,177,0,['ORG'],175,1,"['So, Cooper could you please share your nationality?\\n\\nA    ']",[1174],['nationality?\\n\\nA    ']
"[1.780e+02 1.000e+00 1.186e+03 8.000e+00 3.500e+01 1.800e+01 5.600e+01
 1.380e+02]",136,178,1,['ORDINAL'],175,1,['I just said a term for the first time.\\n\\n\\n\\nCessation.  '],[1186],['first']
"[1.790e+02 1.000e+00 1.203e+03 1.200e+01 8.000e+01 7.600e+01 4.700e+01
 1.490e+02]",137,179,0,['PRODUCT'],175,1,"['means,\\n\\n\\n\\nsimply?\\n\\n\\n\\nA    ']",[1203],"['means,\\n\\n\\n\\nsimply?\\n\\n\\n\\nA']"
"[1.800e+02 1.000e+00 1.208e+03 2.000e+00 2.100e+01 6.700e+01 3.200e+01
 1.440e+02]",138,180,0,['FAC'],175,1,"['You know, cessation is discontinuing the\\n\\n\\n\\nbehavior, in this case the behavior of smoking, which is\\n\\n\\n\\na struggle for most smokers because of nicotine\\n\\n\\n\\naddiction.  ']",[1208],['is\\n\\n\\n\\na']
[ 181.    2. 1235.    2.   23.    8.   31.  169.],139,181,0,['FAC'],175,1,['And so developing treatments to help smokers\\n\\n\\n\\novercome their nicotine dependence.\\n\\n\\n\\nQ    '],[1235],['smokers\\n\\n\\n\\novercome']
[ 182.    2. 1235.   12.   23.    8.   31.  137.],140,182,0,['PRODUCT'],175,1,['And so developing treatments to help smokers\\n\\n\\n\\novercome their nicotine dependence.\\n\\n\\n\\nQ    '],[1235],['dependence.\\n\\n\\n\\nQ    ']
[ 183.    4. 1246.    9.   61.   32.   48.  199.],141,183,0,['ORG'],175,1,"['In addition to, and you mentioned that you\\n\\n\\n\\ndeveloped and headed up the stop, or the smokers quit\\n\\n\\n\\nline for the state of New York.\\n\\n\\n\\nA    ']",[1246],['you\\n\\n\\n\\ndeveloped']
[ 184.    4. 1246.    0.   61.   32.   48.  163.],142,184,0,['CARDINAL'],175,1,"['In addition to, and you mentioned that you\\n\\n\\n\\ndeveloped and headed up the stop, or the smokers quit\\n\\n\\n\\nline for the state of New York.\\n\\n\\n\\nA    ']",[1246],['quit\\n\\n\\n\\nline']
[ 185.    4. 1246.    5.   61.   32.   48.   87.],143,185,0,['LOC'],175,1,"['In addition to, and you mentioned that you\\n\\n\\n\\ndeveloped and headed up the stop, or the smokers quit\\n\\n\\n\\nline for the state of New York.\\n\\n\\n\\nA    ']",[1246],['New York.\\n\\n\\n\\nA']
"[1.860e+02 1.000e+00 1.272e+03 1.000e+01 7.600e+01 5.400e+01 1.000e+00
 1.670e+02]",144,186,0,['PERSON'],175,1,"[""That's right.\\n\\n\\n\\nQ    ""]",[1272],['right.\\n\\n\\n\\nQ    ']
[ 187.    2. 1276.    9.   51.   31.   33.  164.],145,187,0,['ORG'],175,1,"['In addition to assisting smokers trying to quit\\n\\n\\n\\nsmoking, have you also done research into cigarette\\n\\n\\n\\ndesign, the qualities of cigarettes that make them\\n\\n\\n\\naddictive, youth marketing, and other topics, all\\n\\n\\n\\nrelated to cigarettes?\\n\\n\\n\\nA    Yes.  ']",[1276],['quit\\n\\n\\n\\nsmoking']
[ 188.    2. 1276.   10.   51.   31.   33.  134.],146,188,0,['PERSON'],175,1,"['In addition to assisting smokers trying to quit\\n\\n\\n\\nsmoking, have you also done research into cigarette\\n\\n\\n\\ndesign, the qualities of cigarettes that make them\\n\\n\\n\\naddictive, youth marketing, and other topics, all\\n\\n\\n\\nrelated to cigarettes?\\n\\n\\n\\nA    Yes.  ']",[1276],['cigarettes?\\n\\n\\n\\nA    ']
[ 190.    7. 1335.   10.   62.   83.   62.  193.],147,189,0,['ORG'],175,2,"[""you\\n\\n\\n\\nknow, teenagers and why they take up smoking, and what\\n\\n\\n\\nproducts they select, and the effects of marketing on\\n\\n\\n\\ntheir decision making.\\n\\n\\n\\nI've done studies on product design and how it\\n\\n\\n\\nimpacts the exposures that smokers get and why it's hard\\n\\n\\n\\nto quit, so how the product is engineered to deliver\\n\\n\\n\\nnicotine, how it's basically engineered to make it hard\\n\\n\\n\\nto quit deliberately.  ""]",[1335],['you\\n\\n\\n\\nknow']
[ 190.    7. 1335.   10.   62.   83.   62.  193.],147,190,0,['PERSON'],175,2,"[""you\\n\\n\\n\\nknow, teenagers and why they take up smoking, and what\\n\\n\\n\\nproducts they select, and the effects of marketing on\\n\\n\\n\\ntheir decision making.\\n\\n\\n\\nI've done studies on product design and how it\\n\\n\\n\\nimpacts the exposures that smokers get and why it's hard\\n\\n\\n\\nto quit, so how the product is engineered to deliver\\n\\n\\n\\nnicotine, how it's basically engineered to make it hard\\n\\n\\n\\nto quit deliberately.  ""]",[1335],['what\\n\\n\\n\\nproducts']
[ 191.    7. 1335.    9.   62.   83.   62.  157.],148,191,0,['ORG'],175,1,"[""you\\n\\n\\n\\nknow, teenagers and why they take up smoking, and what\\n\\n\\n\\nproducts they select, and the effects of marketing on\\n\\n\\n\\ntheir decision making.\\n\\n\\n\\nI've done studies on product design and how it\\n\\n\\n\\nimpacts the exposures that smokers get and why it's hard\\n\\n\\n\\nto quit, so how the product is engineered to deliver\\n\\n\\n\\nnicotine, how it's basically engineered to make it hard\\n\\n\\n\\nto quit deliberately.  ""]",[1335],['on\\n\\n\\n\\ntheir']
[ 195.    7. 1335.   10.   62.   83.   62.  143.],149,192,0,['PERSON'],175,4,"[""you\\n\\n\\n\\nknow, teenagers and why they take up smoking, and what\\n\\n\\n\\nproducts they select, and the effects of marketing on\\n\\n\\n\\ntheir decision making.\\n\\n\\n\\nI've done studies on product design and how it\\n\\n\\n\\nimpacts the exposures that smokers get and why it's hard\\n\\n\\n\\nto quit, so how the product is engineered to deliver\\n\\n\\n\\nnicotine, how it's basically engineered to make it hard\\n\\n\\n\\nto quit deliberately.  ""]",[1335],"[""making.\\n\\n\\n\\nI've""]"
[ 195.    7. 1335.   10.   62.   83.   62.  143.],149,193,0,['DATE'],175,4,"[""you\\n\\n\\n\\nknow, teenagers and why they take up smoking, and what\\n\\n\\n\\nproducts they select, and the effects of marketing on\\n\\n\\n\\ntheir decision making.\\n\\n\\n\\nI've done studies on product design and how it\\n\\n\\n\\nimpacts the exposures that smokers get and why it's hard\\n\\n\\n\\nto quit, so how the product is engineered to deliver\\n\\n\\n\\nnicotine, how it's basically engineered to make it hard\\n\\n\\n\\nto quit deliberately.  ""]",[1335],['hard\\n\\n\\n\\nto']
[ 195.    7. 1335.   10.   62.   83.   62.  143.],149,194,0,['ORG'],175,4,"[""you\\n\\n\\n\\nknow, teenagers and why they take up smoking, and what\\n\\n\\n\\nproducts they select, and the effects of marketing on\\n\\n\\n\\ntheir decision making.\\n\\n\\n\\nI've done studies on product design and how it\\n\\n\\n\\nimpacts the exposures that smokers get and why it's hard\\n\\n\\n\\nto quit, so how the product is engineered to deliver\\n\\n\\n\\nnicotine, how it's basically engineered to make it hard\\n\\n\\n\\nto quit deliberately.  ""]",[1335],['deliver\\n\\n\\n\\nnicotine']
[ 195.    7. 1335.   10.   62.   83.   62.  143.],149,195,0,['PERSON'],175,4,"[""you\\n\\n\\n\\nknow, teenagers and why they take up smoking, and what\\n\\n\\n\\nproducts they select, and the effects of marketing on\\n\\n\\n\\ntheir decision making.\\n\\n\\n\\nI've done studies on product design and how it\\n\\n\\n\\nimpacts the exposures that smokers get and why it's hard\\n\\n\\n\\nto quit, so how the product is engineered to deliver\\n\\n\\n\\nnicotine, how it's basically engineered to make it hard\\n\\n\\n\\nto quit deliberately.  ""]",[1335],['hard\\n\\n\\n\\nto']
[ 196.    4. 1409.    0.   10.   80.   64.  158.],150,196,1,['CARDINAL'],175,1,"[""think we're one of the few in the country\\n\\n\\n\\nactually outside the cigarette industry where we started\\n\\n\\n\\nto collect the products from all over the country,\\n\\n\\n\\nactually all over the world, comparing the product\\n\\n\\n\\ndesigns across different companies, different brands,\\n\\n\\n\\nhow the product brands changed year to year, and how\\n\\n\\n\\nsome of those design changes affected how people""]",[1409],['one']
"[1.970e+02 4.000e+00 1.409e+03 1.000e+00 1.000e+01 8.000e+01 6.400e+01
 1.980e+02]",151,197,1,['DATE'],175,1,"[""think we're one of the few in the country\\n\\n\\n\\nactually outside the cigarette industry where we started\\n\\n\\n\\nto collect the products from all over the country,\\n\\n\\n\\nactually all over the world, comparing the product\\n\\n\\n\\ndesigns across different companies, different brands,\\n\\n\\n\\nhow the product brands changed year to year, and how\\n\\n\\n\\nsome of those design changes affected how people""]",[1409],['year to year']
[ 198.    2. 1465.    9.   53.   78.   43.  168.],152,198,0,['ORG'],175,1,['smoked.\\n\\n\\n\\nAnd that lab is still in existence today.  '],[1465],['smoked.\\n\\n\\n\\nAnd']
"[1.990e+02 2.000e+00 1.465e+03 1.000e+00 5.300e+01 7.800e+01 4.300e+01
 1.890e+02]",153,199,1,['DATE'],175,1,['smoked.\\n\\n\\n\\nAnd that lab is still in existence today.  '],[1465],['today']
[ 200.    8. 1475.   10.   64.   30.   61.   69.],154,200,0,['PERSON'],175,1,"[""I\\n\\n\\n\\nset it up with funding from the National Cancer\\n\\n\\n\\nInstitute, really started in the mid 90's, and that\\n\\n\\n\\nfunding has continued.\\n\\n\\n\\nWe just got renewed for funding.  ""]",[1475],['I\\n\\n\\n\\nset']
[ 201.    8. 1475.    9.   64.   30.   61.  173.],155,201,0,['ORG'],175,1,"[""I\\n\\n\\n\\nset it up with funding from the National Cancer\\n\\n\\n\\nInstitute, really started in the mid 90's, and that\\n\\n\\n\\nfunding has continued.\\n\\n\\n\\nWe just got renewed for funding.  ""]",[1475],['the National Cancer\\n\\n\\n\\nInstitute']
"[2.020e+02 8.000e+00 1.475e+03 1.000e+00 6.400e+01 3.000e+01 6.100e+01
 1.790e+02]",156,202,1,['DATE'],175,1,"[""I\\n\\n\\n\\nset it up with funding from the National Cancer\\n\\n\\n\\nInstitute, really started in the mid 90's, and that\\n\\n\\n\\nfunding has continued.\\n\\n\\n\\nWe just got renewed for funding.  ""]",[1475],"[""the mid 90's""]"
[ 203.    5. 1521.    9.   52.   17.   59.  166.],157,203,0,['ORG'],175,1,"['How many of your studies specifically related\\n\\n\\n\\nto cigarettes and nicotine addiction have been published\\n\\n\\n\\nin scientific and medical journals?\\n\\nQ    Robert Patterson, could you please share a little more about your childhood for the jury?\\n\\nA    ']",[1521],['related\\n\\n\\n\\nto']
[ 205.    5. 1521.   10.   52.   17.   59.  100.],158,205,1,['PERSON'],175,1,"['How many of your studies specifically related\\n\\n\\n\\nto cigarettes and nicotine addiction have been published\\n\\n\\n\\nin scientific and medical journals?\\n\\nQ    Robert Patterson, could you please share a little more about your childhood for the jury?\\n\\nA    ']",[1521],['Robert Patterson']
[ 206.    5. 1521.   10.   52.   17.   59.  147.],159,204,0,['NORP'],175,2,"['How many of your studies specifically related\\n\\n\\n\\nto cigarettes and nicotine addiction have been published\\n\\n\\n\\nin scientific and medical journals?\\n\\nQ    Robert Patterson, could you please share a little more about your childhood for the jury?\\n\\nA    ']",[1521],['journals?\\n\\nQ']
[ 206.    5. 1521.   10.   52.   17.   59.  147.],159,206,0,['PERSON'],175,2,"['How many of your studies specifically related\\n\\n\\n\\nto cigarettes and nicotine addiction have been published\\n\\n\\n\\nin scientific and medical journals?\\n\\nQ    Robert Patterson, could you please share a little more about your childhood for the jury?\\n\\nA    ']",[1521],['jury?\\n\\nA    ']
[ 207.    7. 1557.    9.   39.   22.   28.   49.],160,207,1,['ORG'],175,1,"['I was born in Detroit Receiving Hospital on Jan 12, 1979 on a cold night.\\n\\nA    ']",[1557],['Detroit Receiving Hospital']
"[2.080e+02 7.000e+00 1.557e+03 1.000e+00 3.900e+01 2.200e+01 2.800e+01
 7.000e+01]",161,208,1,['DATE'],175,1,"['I was born in Detroit Receiving Hospital on Jan 12, 1979 on a cold night.\\n\\nA    ']",[1557],"['Jan 12, 1979']"
"[2.090e+02 1.000e+00 1.601e+03 1.000e+01 7.800e+01 4.500e+01 5.200e+01
 1.920e+02]",162,209,0,['PERSON'],175,1,"[""So I've published about 420\\n\\n\\n\\npeer-reviewed scientific articles, many chapters in\\n\\n\\n\\nbooks, and that kind of thing as well.\\n\\n\\n\\nQ    ""]",[1601],['well.\\n\\n\\n\\nQ    ']
"[2.100e+02 1.000e+00 1.641e+03 7.000e+00 3.300e+01 7.400e+01 3.800e+01
 1.410e+02]",163,210,0,['NORP'],175,1,"['for\\n\\n\\n\\nscientists and public health officials like yourself,\\n\\n\\n\\nhave']",[1641],['for\\n\\n\\n\\nscientists']
[ 211.    2. 1648.   10.   75.   82.   52.  165.],164,211,0,['PERSON'],175,1,"['you also published chapters in books related\\n\\n\\n\\nspecifically to cigarette design, nicotine addiction?\\n\\n\\n\\nA    ']",[1648],['related\\n\\n\\n\\nspecifically']
[ 212.    2. 1648.   10.   75.   82.   52.  124.],165,212,0,['PERSON'],175,1,"['you also published chapters in books related\\n\\n\\n\\nspecifically to cigarette design, nicotine addiction?\\n\\n\\n\\nA    ']",[1648],['addiction?\\n\\n\\n\\nA    ']
"[2.130e+02 1.000e+00 1.665e+03 1.000e+01 7.200e+01 2.500e+01 4.200e+01
 1.330e+02]",166,213,0,['PERSON'],175,1,"[""I've been invited to do chapters\\n\\n\\n\\noccasionally for books.  ""]",[1665],['chapters\\n\\n\\n\\noccasionally']
[ 214.    2. 1676.    0.    9.   26.   33.  121.],167,214,1,['CARDINAL'],175,1,"[""I've probably done about 30 of\\n\\n\\n\\nthose.  ""]",[1676],['about 30']
[ 216.    6. 1685.    9.   55.   58.   41.  175.],168,215,0,['ORG'],175,2,"['Those include monographs, you know, the National\\n\\n\\n\\nCancer Institute, the Surgeon General.  ']",[1685],['the National\\n\\n\\n\\nCancer Institute']
[ 216.    6. 1685.    9.   55.   58.   41.  175.],168,216,1,['ORG'],175,2,"['Those include monographs, you know, the National\\n\\n\\n\\nCancer Institute, the Surgeon General.  ']",[1685],['the Surgeon General']
[ 217.    4. 1701.    9.   60.   27.    2.  197.],169,217,0,['ORG'],175,1,"[""I've written\\n\\n\\n\\nsections of Surgeon Generals' reports in the past.  ""]",[1701],['written\\n\\n\\n\\nsections']
[ 218.    4. 1701.    9.   60.   27.    2.  110.],170,218,1,['ORG'],175,1,"[""I've written\\n\\n\\n\\nsections of Surgeon Generals' reports in the past.  ""]",[1701],"[""Surgeon Generals'""]"
[ 219.    2. 1714.    9.   59.   28.   29.  188.],171,219,0,['ORG'],175,1,"[""I've\\n\\n\\n\\ndone chapters for encyclopedias on different aspects of\\n\\n\\n\\ncigarette smoking, including cigarette design, tobacco\\n\\n\\n\\nproduct marketing.\\n\\n\\n\\nQ    ""]",[1714],['tobacco\\n\\n\\n\\nproduct marketing.\\n\\n\\n\\nQ    ']
[ 222.    7. 1734.    9.   54.   68.   40.  172.],172,220,0,['ORG'],175,3,"[""You mentioned receiving grants, and\\n\\n\\n\\nwe're going to talk a little bit more about some\\n\\n\\n\\nspecific studies you've done which were funded by the\\n\\n\\n\\ngovernment, but let me ask you just some examples of\\n\\n\\n\\ngrants.\\n\\n\\n\\nWhat is the National Cancer Institute, or NCI?\\n\\n\\n\\nA    ""]",[1734],['some\\n\\n\\n\\nspecific']
[ 222.    7. 1734.    9.   54.   68.   40.  172.],172,221,0,['ORG'],175,3,"[""You mentioned receiving grants, and\\n\\n\\n\\nwe're going to talk a little bit more about some\\n\\n\\n\\nspecific studies you've done which were funded by the\\n\\n\\n\\ngovernment, but let me ask you just some examples of\\n\\n\\n\\ngrants.\\n\\n\\n\\nWhat is the National Cancer Institute, or NCI?\\n\\n\\n\\nA    ""]",[1734],['the\\n\\n\\n\\ngovernment']
[ 222.    7. 1734.    9.   54.   68.   40.  172.],172,222,1,['ORG'],175,3,"[""You mentioned receiving grants, and\\n\\n\\n\\nwe're going to talk a little bit more about some\\n\\n\\n\\nspecific studies you've done which were funded by the\\n\\n\\n\\ngovernment, but let me ask you just some examples of\\n\\n\\n\\ngrants.\\n\\n\\n\\nWhat is the National Cancer Institute, or NCI?\\n\\n\\n\\nA    ""]",[1734],['the National Cancer Institute']
[ 223.    7. 1734.   10.   54.   68.   40.   84.],173,223,0,['PERSON'],175,1,"[""You mentioned receiving grants, and\\n\\n\\n\\nwe're going to talk a little bit more about some\\n\\n\\n\\nspecific studies you've done which were funded by the\\n\\n\\n\\ngovernment, but let me ask you just some examples of\\n\\n\\n\\ngrants.\\n\\n\\n\\nWhat is the National Cancer Institute, or NCI?\\n\\n\\n\\nA    ""]",[1734],['NCI?\\n\\n\\n\\nA    ']
[ 224.    4. 1777.    9.   47.   56.   43.  114.],174,224,1,['ORG'],175,1,"['The National Cancer Institute is part of our""']",[1777],['The National Cancer Institute']
