,entity_type,n_possible_dependents,possible_dependents,raw_sentence,sentence_position,sentence_root,text_value
0,CARDINAL,14,"CARDINAL:111\n\n\n\nIN, WORK_OF_ART:THE, WORK_OF_ART:CIRCUIT, WORK_OF_ART:COURT, WORK_OF_ART:OF, WORK_OF_ART:THE, WORK_OF_ART:FOURTH, WORK_OF_ART:JUDICIAL, PERSON:CIRCUIT\n\n\n\nIN, ORG:DUVAL, ORG:COUNTY, PERSON:FLORIDA, PERSON:2\n\n\n\nIN, PERSON:RE","b""Page 111\n\n\n\nIN THE CIRCUIT COURT OF THE FOURTH JUDICIAL CIRCUIT\n\n\n\nIN AND FOR DUVAL COUNTY, FLORIDA 2\n\n\n\nIN RE:  ENGLE PROGENY CASES      ",0,111\n\n\n\nIN,111\n\n\n\nIN
1,WORK_OF_ART,14,"CARDINAL:111\n\n\n\nIN, WORK_OF_ART:THE, WORK_OF_ART:CIRCUIT, WORK_OF_ART:COURT, WORK_OF_ART:OF, WORK_OF_ART:THE, WORK_OF_ART:FOURTH, WORK_OF_ART:JUDICIAL, PERSON:CIRCUIT\n\n\n\nIN, ORG:DUVAL, ORG:COUNTY, PERSON:FLORIDA, PERSON:2\n\n\n\nIN, PERSON:RE","b""Page 111\n\n\n\nIN THE CIRCUIT COURT OF THE FOURTH JUDICIAL CIRCUIT\n\n\n\nIN AND FOR DUVAL COUNTY, FLORIDA 2\n\n\n\nIN RE:  ENGLE PROGENY CASES      ",0,111\n\n\n\nIN,THE CIRCUIT COURT OF THE FOURTH JUDICIAL
2,PERSON,14,"CARDINAL:111\n\n\n\nIN, WORK_OF_ART:THE, WORK_OF_ART:CIRCUIT, WORK_OF_ART:COURT, WORK_OF_ART:OF, WORK_OF_ART:THE, WORK_OF_ART:FOURTH, WORK_OF_ART:JUDICIAL, PERSON:CIRCUIT\n\n\n\nIN, ORG:DUVAL, ORG:COUNTY, PERSON:FLORIDA, PERSON:2\n\n\n\nIN, PERSON:RE","b""Page 111\n\n\n\nIN THE CIRCUIT COURT OF THE FOURTH JUDICIAL CIRCUIT\n\n\n\nIN AND FOR DUVAL COUNTY, FLORIDA 2\n\n\n\nIN RE:  ENGLE PROGENY CASES      ",0,111\n\n\n\nIN,CIRCUIT\n\n\n\nIN
3,ORG,14,"CARDINAL:111\n\n\n\nIN, WORK_OF_ART:THE, WORK_OF_ART:CIRCUIT, WORK_OF_ART:COURT, WORK_OF_ART:OF, WORK_OF_ART:THE, WORK_OF_ART:FOURTH, WORK_OF_ART:JUDICIAL, PERSON:CIRCUIT\n\n\n\nIN, ORG:DUVAL, ORG:COUNTY, PERSON:FLORIDA, PERSON:2\n\n\n\nIN, PERSON:RE","b""Page 111\n\n\n\nIN THE CIRCUIT COURT OF THE FOURTH JUDICIAL CIRCUIT\n\n\n\nIN AND FOR DUVAL COUNTY, FLORIDA 2\n\n\n\nIN RE:  ENGLE PROGENY CASES      ",0,111\n\n\n\nIN,DUVAL COUNTY
4,PERSON,14,"CARDINAL:111\n\n\n\nIN, WORK_OF_ART:THE, WORK_OF_ART:CIRCUIT, WORK_OF_ART:COURT, WORK_OF_ART:OF, WORK_OF_ART:THE, WORK_OF_ART:FOURTH, WORK_OF_ART:JUDICIAL, PERSON:CIRCUIT\n\n\n\nIN, ORG:DUVAL, ORG:COUNTY, PERSON:FLORIDA, PERSON:2\n\n\n\nIN, PERSON:RE","b""Page 111\n\n\n\nIN THE CIRCUIT COURT OF THE FOURTH JUDICIAL CIRCUIT\n\n\n\nIN AND FOR DUVAL COUNTY, FLORIDA 2\n\n\n\nIN RE:  ENGLE PROGENY CASES      ",0,111\n\n\n\nIN,FLORIDA 2\n\n\n\nIN RE
5,ORG,2,"ORG:LITIGATION\n\n\n\nTOBACCO, ORG:LITIGATION",TOBACCO LITIGATION\n\n\n\nTOBACCO LITIGATION                                DIVISION:  ,24,DIVISION,LITIGATION\n\n\n\nTOBACCO LITIGATION
6,CARDINAL,3,"CARDINAL:1118, PERSON:LINDA, PERSON:PRENTICE","1118 - 1211\n\n\n\nPertains to:  LINDA PRENTICE,",35,1118,1118
7,PERSON,3,"CARDINAL:1118, PERSON:LINDA, PERSON:PRENTICE","1118 - 1211\n\n\n\nPertains to:  LINDA PRENTICE,",35,1118,LINDA PRENTICE
8,PHONE_NUMBER,3,"CARDINAL:1118, PERSON:LINDA, PERSON:PRENTICE","1118 - 1211\n\n\n\nPertains to:  LINDA PRENTICE,",35,1118,118 1211
9,ORG,9,"ORG:Personal, ORG:Representative, ORG:of, ORG:the, ORG:Estate, ORG:of, ORG:JOHN, ORG:C., ORG:PRICE\n\n\n\nCase",as Personal Representative of the Estate of JOHN C. PRICE\n\n\n\nCase,44,as,Personal Representative of the Estate of JOHN C. PRICE\n\n\n\nCase
10,ORG,0,,No:   ,54,No,  
11,CARDINAL,3,"CARDINAL:16, CARDINAL:-, CARDINAL:2007-CA-011551-DXXX",16-2007-CA-011551-DXXX-MA\n\n\n\n16,57,MA\n\n\n\n16,16-2007-CA-011551-DXXX
12,CARDINAL,9,"CARDINAL:17, DATE:18, DATE:19, DATE:20, DATE:21, DATE:22, DATE:23, DATE:24, CARDINAL:25\n\n\n\nTRIAL",17 18 19 20 21 22 23 24 25\n\n\n\nTRIAL BEFORE,62,BEFORE,17
13,DATE,9,"CARDINAL:17, DATE:18, DATE:19, DATE:20, DATE:21, DATE:22, DATE:23, DATE:24, CARDINAL:25\n\n\n\nTRIAL",17 18 19 20 21 22 23 24 25\n\n\n\nTRIAL BEFORE,62,BEFORE,18 19 20 21 22 23 24
14,CARDINAL,9,"CARDINAL:17, DATE:18, DATE:19, DATE:20, DATE:21, DATE:22, DATE:23, DATE:24, CARDINAL:25\n\n\n\nTRIAL",17 18 19 20 21 22 23 24 25\n\n\n\nTRIAL BEFORE,62,BEFORE,25\n\n\n\nTRIAL
15,DATE,7,"DATE:Friday, DATE:September, DATE:16, TIME:8:15, TIME:a.m., CARDINAL:10:40, ORG:a.m.\n\n\n\nLOCATION","THE HONORABLE TYRIE W. BOYER\n\n\n\nDATE TAKEN:    Friday, September 16, 2016\n\n\n\nTIME:                      8:15 a.m. to 10:40 a.m.\n\n\n\nLOCATION:      ",72,TAKEN,Friday
16,DATE,7,"DATE:Friday, DATE:September, DATE:16, TIME:8:15, TIME:a.m., CARDINAL:10:40, ORG:a.m.\n\n\n\nLOCATION","THE HONORABLE TYRIE W. BOYER\n\n\n\nDATE TAKEN:    Friday, September 16, 2016\n\n\n\nTIME:                      8:15 a.m. to 10:40 a.m.\n\n\n\nLOCATION:      ",72,TAKEN,September 16
17,TIME,7,"DATE:Friday, DATE:September, DATE:16, TIME:8:15, TIME:a.m., CARDINAL:10:40, ORG:a.m.\n\n\n\nLOCATION","THE HONORABLE TYRIE W. BOYER\n\n\n\nDATE TAKEN:    Friday, September 16, 2016\n\n\n\nTIME:                      8:15 a.m. to 10:40 a.m.\n\n\n\nLOCATION:      ",72,TAKEN,8:15 a.m.
18,CARDINAL,7,"DATE:Friday, DATE:September, DATE:16, TIME:8:15, TIME:a.m., CARDINAL:10:40, ORG:a.m.\n\n\n\nLOCATION","THE HONORABLE TYRIE W. BOYER\n\n\n\nDATE TAKEN:    Friday, September 16, 2016\n\n\n\nTIME:                      8:15 a.m. to 10:40 a.m.\n\n\n\nLOCATION:      ",72,TAKEN,10:40
19,ORG,7,"DATE:Friday, DATE:September, DATE:16, TIME:8:15, TIME:a.m., CARDINAL:10:40, ORG:a.m.\n\n\n\nLOCATION","THE HONORABLE TYRIE W. BOYER\n\n\n\nDATE TAKEN:    Friday, September 16, 2016\n\n\n\nTIME:                      8:15 a.m. to 10:40 a.m.\n\n\n\nLOCATION:      ",72,TAKEN,a.m.\n\n\n\nLOCATION
20,PERSON,7,"DATE:Friday, DATE:September, DATE:16, TIME:8:15, TIME:a.m., CARDINAL:10:40, ORG:a.m.\n\n\n\nLOCATION","THE HONORABLE TYRIE W. BOYER\n\n\n\nDATE TAKEN:    Friday, September 16, 2016\n\n\n\nTIME:                      8:15 a.m. to 10:40 a.m.\n\n\n\nLOCATION:      ",72,TAKEN,     
21,GPE,3,"GPE:Duval, GPE:County, CARDINAL:610\n\n\n\n501",Duval County Courthouse\n\n\n\nCourtroom 610\n\n\n\n501,95,County,Duval County
22,CARDINAL,3,"GPE:Duval, GPE:County, CARDINAL:610\n\n\n\n501",Duval County Courthouse\n\n\n\nCourtroom 610\n\n\n\n501,95,County,610\n\n\n\n501
23,DATE,3,"GPE:Duval, GPE:County, CARDINAL:610\n\n\n\n501",Duval County Courthouse\n\n\n\nCourtroom 610\n\n\n\n501,95,County,"('troom', '610')"
24,DATE,3,"GPE:Duval, GPE:County, CARDINAL:610\n\n\n\n501",Duval County Courthouse\n\n\n\nCourtroom 610\n\n\n\n501,95,County,"('troom', '610')"
25,GPE,11,"GPE:West, GPE:Adams, GPE:Street\n\n\n\nJacksonville, PERSON:Florida, PERSON:32202\n\n\n\nAs, PERSON:Terry, PERSON:T., PERSON:Hurley, ORG:RPR, ORG:Notary, ORG:Public\n\n\n\nAPPEARANCES","West Adams Street\n\n\n\nJacksonville, Florida 32202\n\n\n\nAs reported by: Terry T. Hurley, RPR and a Notary Public\n\n\n\nAPPEARANCES",99,reported,West Adams Street\n\n\n\nJacksonville
26,PERSON,11,"GPE:West, GPE:Adams, GPE:Street\n\n\n\nJacksonville, PERSON:Florida, PERSON:32202\n\n\n\nAs, PERSON:Terry, PERSON:T., PERSON:Hurley, ORG:RPR, ORG:Notary, ORG:Public\n\n\n\nAPPEARANCES","West Adams Street\n\n\n\nJacksonville, Florida 32202\n\n\n\nAs reported by: Terry T. Hurley, RPR and a Notary Public\n\n\n\nAPPEARANCES",99,reported,Florida 32202\n\n\n\nAs
27,PERSON,11,"GPE:West, GPE:Adams, GPE:Street\n\n\n\nJacksonville, PERSON:Florida, PERSON:32202\n\n\n\nAs, PERSON:Terry, PERSON:T., PERSON:Hurley, ORG:RPR, ORG:Notary, ORG:Public\n\n\n\nAPPEARANCES","West Adams Street\n\n\n\nJacksonville, Florida 32202\n\n\n\nAs reported by: Terry T. Hurley, RPR and a Notary Public\n\n\n\nAPPEARANCES",99,reported,Terry T. Hurley
28,ORG,11,"GPE:West, GPE:Adams, GPE:Street\n\n\n\nJacksonville, PERSON:Florida, PERSON:32202\n\n\n\nAs, PERSON:Terry, PERSON:T., PERSON:Hurley, ORG:RPR, ORG:Notary, ORG:Public\n\n\n\nAPPEARANCES","West Adams Street\n\n\n\nJacksonville, Florida 32202\n\n\n\nAs reported by: Terry T. Hurley, RPR and a Notary Public\n\n\n\nAPPEARANCES",99,reported,RPR
29,ORG,11,"GPE:West, GPE:Adams, GPE:Street\n\n\n\nJacksonville, PERSON:Florida, PERSON:32202\n\n\n\nAs, PERSON:Terry, PERSON:T., PERSON:Hurley, ORG:RPR, ORG:Notary, ORG:Public\n\n\n\nAPPEARANCES","West Adams Street\n\n\n\nJacksonville, Florida 32202\n\n\n\nAs reported by: Terry T. Hurley, RPR and a Notary Public\n\n\n\nAPPEARANCES",99,reported,Notary Public\n\n\n\nAPPEARANCES
30,DATE,11,"GPE:West, GPE:Adams, GPE:Street\n\n\n\nJacksonville, PERSON:Florida, PERSON:32202\n\n\n\nAs, PERSON:Terry, PERSON:T., PERSON:Hurley, ORG:RPR, ORG:Notary, ORG:Public\n\n\n\nAPPEARANCES","West Adams Street\n\n\n\nJacksonville, Florida 32202\n\n\n\nAs reported by: Terry T. Hurley, RPR and a Notary Public\n\n\n\nAPPEARANCES",99,reported,"('ida', '32202')"
31,DATE,11,"GPE:West, GPE:Adams, GPE:Street\n\n\n\nJacksonville, PERSON:Florida, PERSON:32202\n\n\n\nAs, PERSON:Terry, PERSON:T., PERSON:Hurley, ORG:RPR, ORG:Notary, ORG:Public\n\n\n\nAPPEARANCES","West Adams Street\n\n\n\nJacksonville, Florida 32202\n\n\n\nAs reported by: Terry T. Hurley, RPR and a Notary Public\n\n\n\nAPPEARANCES",99,reported,"('ida', '32202')"
32,ORG,1,ORG:COUNSEL\n\n\n\nOn,OF COUNSEL\n\n\n\nOn,117,OF,COUNSEL\n\n\n\nOn
33,ORG,21,"ORG:PRYSOCK, ORG:ESQUIRE, ORG:KEITH, ORG:MITNIK, PERSON:ESQUIRE\n\n\n\nKATHERINE, PERSON:MASSA, PERSON:ESQUIRE, PERSON:ANTONIO, PERSON:LUCIANO, GPE:Morgan\n\n\n\nSouth, GPE:Laura, GPE:Street\n\n\n\nJacksonville, GPE:FL, PERSON:32202\n\n\n\nCELENE, PERSON:HUMPHRIES, ORG:Esguire, ORG:Brannock, ORG:&, FAC:West, FAC:Cass, FAC:Street","behalf of Plaintiff:\n\n\n\nGREGORY PRYSOCK, ESQUIRE KEITH MITNIK, ESQUIRE\n\n\n\nKATHERINE MASSA, ESQUIRE ANTONIO LUCIANO, ESQUIRE\n\n\n\nMorgan & Morgan\n\n\n\nSouth Laura Street\n\n\n\nJacksonville, FL  32202\n\n\n\nCELENE HUMPHRIES, Esguire Brannock & Humphries\n\n\n\n1111 West Cass Street,",119,behalf,PRYSOCK
34,ORG,21,"ORG:PRYSOCK, ORG:ESQUIRE, ORG:KEITH, ORG:MITNIK, PERSON:ESQUIRE\n\n\n\nKATHERINE, PERSON:MASSA, PERSON:ESQUIRE, PERSON:ANTONIO, PERSON:LUCIANO, GPE:Morgan\n\n\n\nSouth, GPE:Laura, GPE:Street\n\n\n\nJacksonville, GPE:FL, PERSON:32202\n\n\n\nCELENE, PERSON:HUMPHRIES, ORG:Esguire, ORG:Brannock, ORG:&, FAC:West, FAC:Cass, FAC:Street","behalf of Plaintiff:\n\n\n\nGREGORY PRYSOCK, ESQUIRE KEITH MITNIK, ESQUIRE\n\n\n\nKATHERINE MASSA, ESQUIRE ANTONIO LUCIANO, ESQUIRE\n\n\n\nMorgan & Morgan\n\n\n\nSouth Laura Street\n\n\n\nJacksonville, FL  32202\n\n\n\nCELENE HUMPHRIES, Esguire Brannock & Humphries\n\n\n\n1111 West Cass Street,",119,behalf,ESQUIRE KEITH MITNIK
35,PERSON,21,"ORG:PRYSOCK, ORG:ESQUIRE, ORG:KEITH, ORG:MITNIK, PERSON:ESQUIRE\n\n\n\nKATHERINE, PERSON:MASSA, PERSON:ESQUIRE, PERSON:ANTONIO, PERSON:LUCIANO, GPE:Morgan\n\n\n\nSouth, GPE:Laura, GPE:Street\n\n\n\nJacksonville, GPE:FL, PERSON:32202\n\n\n\nCELENE, PERSON:HUMPHRIES, ORG:Esguire, ORG:Brannock, ORG:&, FAC:West, FAC:Cass, FAC:Street","behalf of Plaintiff:\n\n\n\nGREGORY PRYSOCK, ESQUIRE KEITH MITNIK, ESQUIRE\n\n\n\nKATHERINE MASSA, ESQUIRE ANTONIO LUCIANO, ESQUIRE\n\n\n\nMorgan & Morgan\n\n\n\nSouth Laura Street\n\n\n\nJacksonville, FL  32202\n\n\n\nCELENE HUMPHRIES, Esguire Brannock & Humphries\n\n\n\n1111 West Cass Street,",119,behalf,ESQUIRE\n\n\n\nKATHERINE MASSA
36,PERSON,21,"ORG:PRYSOCK, ORG:ESQUIRE, ORG:KEITH, ORG:MITNIK, PERSON:ESQUIRE\n\n\n\nKATHERINE, PERSON:MASSA, PERSON:ESQUIRE, PERSON:ANTONIO, PERSON:LUCIANO, GPE:Morgan\n\n\n\nSouth, GPE:Laura, GPE:Street\n\n\n\nJacksonville, GPE:FL, PERSON:32202\n\n\n\nCELENE, PERSON:HUMPHRIES, ORG:Esguire, ORG:Brannock, ORG:&, FAC:West, FAC:Cass, FAC:Street","behalf of Plaintiff:\n\n\n\nGREGORY PRYSOCK, ESQUIRE KEITH MITNIK, ESQUIRE\n\n\n\nKATHERINE MASSA, ESQUIRE ANTONIO LUCIANO, ESQUIRE\n\n\n\nMorgan & Morgan\n\n\n\nSouth Laura Street\n\n\n\nJacksonville, FL  32202\n\n\n\nCELENE HUMPHRIES, Esguire Brannock & Humphries\n\n\n\n1111 West Cass Street,",119,behalf,ESQUIRE ANTONIO LUCIANO
37,GPE,21,"ORG:PRYSOCK, ORG:ESQUIRE, ORG:KEITH, ORG:MITNIK, PERSON:ESQUIRE\n\n\n\nKATHERINE, PERSON:MASSA, PERSON:ESQUIRE, PERSON:ANTONIO, PERSON:LUCIANO, GPE:Morgan\n\n\n\nSouth, GPE:Laura, GPE:Street\n\n\n\nJacksonville, GPE:FL, PERSON:32202\n\n\n\nCELENE, PERSON:HUMPHRIES, ORG:Esguire, ORG:Brannock, ORG:&, FAC:West, FAC:Cass, FAC:Street","behalf of Plaintiff:\n\n\n\nGREGORY PRYSOCK, ESQUIRE KEITH MITNIK, ESQUIRE\n\n\n\nKATHERINE MASSA, ESQUIRE ANTONIO LUCIANO, ESQUIRE\n\n\n\nMorgan & Morgan\n\n\n\nSouth Laura Street\n\n\n\nJacksonville, FL  32202\n\n\n\nCELENE HUMPHRIES, Esguire Brannock & Humphries\n\n\n\n1111 West Cass Street,",119,behalf,Morgan\n\n\n\nSouth Laura Street\n\n\n\nJacksonville
38,GPE,21,"ORG:PRYSOCK, ORG:ESQUIRE, ORG:KEITH, ORG:MITNIK, PERSON:ESQUIRE\n\n\n\nKATHERINE, PERSON:MASSA, PERSON:ESQUIRE, PERSON:ANTONIO, PERSON:LUCIANO, GPE:Morgan\n\n\n\nSouth, GPE:Laura, GPE:Street\n\n\n\nJacksonville, GPE:FL, PERSON:32202\n\n\n\nCELENE, PERSON:HUMPHRIES, ORG:Esguire, ORG:Brannock, ORG:&, FAC:West, FAC:Cass, FAC:Street","behalf of Plaintiff:\n\n\n\nGREGORY PRYSOCK, ESQUIRE KEITH MITNIK, ESQUIRE\n\n\n\nKATHERINE MASSA, ESQUIRE ANTONIO LUCIANO, ESQUIRE\n\n\n\nMorgan & Morgan\n\n\n\nSouth Laura Street\n\n\n\nJacksonville, FL  32202\n\n\n\nCELENE HUMPHRIES, Esguire Brannock & Humphries\n\n\n\n1111 West Cass Street,",119,behalf,FL
39,PERSON,21,"ORG:PRYSOCK, ORG:ESQUIRE, ORG:KEITH, ORG:MITNIK, PERSON:ESQUIRE\n\n\n\nKATHERINE, PERSON:MASSA, PERSON:ESQUIRE, PERSON:ANTONIO, PERSON:LUCIANO, GPE:Morgan\n\n\n\nSouth, GPE:Laura, GPE:Street\n\n\n\nJacksonville, GPE:FL, PERSON:32202\n\n\n\nCELENE, PERSON:HUMPHRIES, ORG:Esguire, ORG:Brannock, ORG:&, FAC:West, FAC:Cass, FAC:Street","behalf of Plaintiff:\n\n\n\nGREGORY PRYSOCK, ESQUIRE KEITH MITNIK, ESQUIRE\n\n\n\nKATHERINE MASSA, ESQUIRE ANTONIO LUCIANO, ESQUIRE\n\n\n\nMorgan & Morgan\n\n\n\nSouth Laura Street\n\n\n\nJacksonville, FL  32202\n\n\n\nCELENE HUMPHRIES, Esguire Brannock & Humphries\n\n\n\n1111 West Cass Street,",119,behalf,32202\n\n\n\nCELENE HUMPHRIES
40,ORG,21,"ORG:PRYSOCK, ORG:ESQUIRE, ORG:KEITH, ORG:MITNIK, PERSON:ESQUIRE\n\n\n\nKATHERINE, PERSON:MASSA, PERSON:ESQUIRE, PERSON:ANTONIO, PERSON:LUCIANO, GPE:Morgan\n\n\n\nSouth, GPE:Laura, GPE:Street\n\n\n\nJacksonville, GPE:FL, PERSON:32202\n\n\n\nCELENE, PERSON:HUMPHRIES, ORG:Esguire, ORG:Brannock, ORG:&, FAC:West, FAC:Cass, FAC:Street","behalf of Plaintiff:\n\n\n\nGREGORY PRYSOCK, ESQUIRE KEITH MITNIK, ESQUIRE\n\n\n\nKATHERINE MASSA, ESQUIRE ANTONIO LUCIANO, ESQUIRE\n\n\n\nMorgan & Morgan\n\n\n\nSouth Laura Street\n\n\n\nJacksonville, FL  32202\n\n\n\nCELENE HUMPHRIES, Esguire Brannock & Humphries\n\n\n\n1111 West Cass Street,",119,behalf,Esguire Brannock &
41,FAC,21,"ORG:PRYSOCK, ORG:ESQUIRE, ORG:KEITH, ORG:MITNIK, PERSON:ESQUIRE\n\n\n\nKATHERINE, PERSON:MASSA, PERSON:ESQUIRE, PERSON:ANTONIO, PERSON:LUCIANO, GPE:Morgan\n\n\n\nSouth, GPE:Laura, GPE:Street\n\n\n\nJacksonville, GPE:FL, PERSON:32202\n\n\n\nCELENE, PERSON:HUMPHRIES, ORG:Esguire, ORG:Brannock, ORG:&, FAC:West, FAC:Cass, FAC:Street","behalf of Plaintiff:\n\n\n\nGREGORY PRYSOCK, ESQUIRE KEITH MITNIK, ESQUIRE\n\n\n\nKATHERINE MASSA, ESQUIRE ANTONIO LUCIANO, ESQUIRE\n\n\n\nMorgan & Morgan\n\n\n\nSouth Laura Street\n\n\n\nJacksonville, FL  32202\n\n\n\nCELENE HUMPHRIES, Esguire Brannock & Humphries\n\n\n\n1111 West Cass Street,",119,behalf,West Cass Street
42,CARDINAL,35,"CARDINAL:200, GPE:Tampa, GPE:Florida, CARDINAL:33606\n\n\n\nOn, PERSON:R., PERSON:J., PERSON:Reynolds:\n\n\n\nJOHN, PERSON:WALKER, PERSON:ESQUIRE\n\n\n\nJENNIFER, PERSON:L., PERSON:WEIZENECKER, PERSON:ESQUIRE\n\n\n\nMICHAEL, PERSON:C., PERSON:MCLAUGHLIN, ORG:ESQUIRE, ORG:Jones, FAC:Peachtree, FAC:Street, FAC:N.E., FAC:Suite, FAC:800\n\n\n\nAtlanta, GPE:Georgia, MONEY:30309, CARDINAL:3053\n\n\n\nMARK, NORP:R., PERSON:Esguire, PERSON:Jones, PERSON:Versey, PERSON:Street\n\n\n\nNew, PERSON:York, GPE:New, GPE:York, DATE:10281, DATE:-, DATE:1047","Suite 200 Tampa, Florida  33606\n\n\n\nOn behalf of R. J. Reynolds:\n\n\n\nJOHN WALKER, ESQUIRE\n\n\n\nJENNIFER L. WEIZENECKER, ESQUIRE\n\n\n\nMICHAEL C. MCLAUGHLIN, ESQUIRE Jones Day\n\n\n\n1420 Peachtree Street, N.E. Suite 800\n\n\n\nAtlanta, Georgia  30309-3053\n\n\n\nMARK R. SEIDEN, Esguire Jones Day\n\n\n\n250 Versey Street\n\n\n\nNew York, New York  10281-1047",154,Suite,200
43,GPE,35,"CARDINAL:200, GPE:Tampa, GPE:Florida, CARDINAL:33606\n\n\n\nOn, PERSON:R., PERSON:J., PERSON:Reynolds:\n\n\n\nJOHN, PERSON:WALKER, PERSON:ESQUIRE\n\n\n\nJENNIFER, PERSON:L., PERSON:WEIZENECKER, PERSON:ESQUIRE\n\n\n\nMICHAEL, PERSON:C., PERSON:MCLAUGHLIN, ORG:ESQUIRE, ORG:Jones, FAC:Peachtree, FAC:Street, FAC:N.E., FAC:Suite, FAC:800\n\n\n\nAtlanta, GPE:Georgia, MONEY:30309, CARDINAL:3053\n\n\n\nMARK, NORP:R., PERSON:Esguire, PERSON:Jones, PERSON:Versey, PERSON:Street\n\n\n\nNew, PERSON:York, GPE:New, GPE:York, DATE:10281, DATE:-, DATE:1047","Suite 200 Tampa, Florida  33606\n\n\n\nOn behalf of R. J. Reynolds:\n\n\n\nJOHN WALKER, ESQUIRE\n\n\n\nJENNIFER L. WEIZENECKER, ESQUIRE\n\n\n\nMICHAEL C. MCLAUGHLIN, ESQUIRE Jones Day\n\n\n\n1420 Peachtree Street, N.E. Suite 800\n\n\n\nAtlanta, Georgia  30309-3053\n\n\n\nMARK R. SEIDEN, Esguire Jones Day\n\n\n\n250 Versey Street\n\n\n\nNew York, New York  10281-1047",154,Suite,Tampa
44,GPE,35,"CARDINAL:200, GPE:Tampa, GPE:Florida, CARDINAL:33606\n\n\n\nOn, PERSON:R., PERSON:J., PERSON:Reynolds:\n\n\n\nJOHN, PERSON:WALKER, PERSON:ESQUIRE\n\n\n\nJENNIFER, PERSON:L., PERSON:WEIZENECKER, PERSON:ESQUIRE\n\n\n\nMICHAEL, PERSON:C., PERSON:MCLAUGHLIN, ORG:ESQUIRE, ORG:Jones, FAC:Peachtree, FAC:Street, FAC:N.E., FAC:Suite, FAC:800\n\n\n\nAtlanta, GPE:Georgia, MONEY:30309, CARDINAL:3053\n\n\n\nMARK, NORP:R., PERSON:Esguire, PERSON:Jones, PERSON:Versey, PERSON:Street\n\n\n\nNew, PERSON:York, GPE:New, GPE:York, DATE:10281, DATE:-, DATE:1047","Suite 200 Tampa, Florida  33606\n\n\n\nOn behalf of R. J. Reynolds:\n\n\n\nJOHN WALKER, ESQUIRE\n\n\n\nJENNIFER L. WEIZENECKER, ESQUIRE\n\n\n\nMICHAEL C. MCLAUGHLIN, ESQUIRE Jones Day\n\n\n\n1420 Peachtree Street, N.E. Suite 800\n\n\n\nAtlanta, Georgia  30309-3053\n\n\n\nMARK R. SEIDEN, Esguire Jones Day\n\n\n\n250 Versey Street\n\n\n\nNew York, New York  10281-1047",154,Suite,Florida
45,CARDINAL,35,"CARDINAL:200, GPE:Tampa, GPE:Florida, CARDINAL:33606\n\n\n\nOn, PERSON:R., PERSON:J., PERSON:Reynolds:\n\n\n\nJOHN, PERSON:WALKER, PERSON:ESQUIRE\n\n\n\nJENNIFER, PERSON:L., PERSON:WEIZENECKER, PERSON:ESQUIRE\n\n\n\nMICHAEL, PERSON:C., PERSON:MCLAUGHLIN, ORG:ESQUIRE, ORG:Jones, FAC:Peachtree, FAC:Street, FAC:N.E., FAC:Suite, FAC:800\n\n\n\nAtlanta, GPE:Georgia, MONEY:30309, CARDINAL:3053\n\n\n\nMARK, NORP:R., PERSON:Esguire, PERSON:Jones, PERSON:Versey, PERSON:Street\n\n\n\nNew, PERSON:York, GPE:New, GPE:York, DATE:10281, DATE:-, DATE:1047","Suite 200 Tampa, Florida  33606\n\n\n\nOn behalf of R. J. Reynolds:\n\n\n\nJOHN WALKER, ESQUIRE\n\n\n\nJENNIFER L. WEIZENECKER, ESQUIRE\n\n\n\nMICHAEL C. MCLAUGHLIN, ESQUIRE Jones Day\n\n\n\n1420 Peachtree Street, N.E. Suite 800\n\n\n\nAtlanta, Georgia  30309-3053\n\n\n\nMARK R. SEIDEN, Esguire Jones Day\n\n\n\n250 Versey Street\n\n\n\nNew York, New York  10281-1047",154,Suite,33606\n\n\n\nOn
46,PERSON,35,"CARDINAL:200, GPE:Tampa, GPE:Florida, CARDINAL:33606\n\n\n\nOn, PERSON:R., PERSON:J., PERSON:Reynolds:\n\n\n\nJOHN, PERSON:WALKER, PERSON:ESQUIRE\n\n\n\nJENNIFER, PERSON:L., PERSON:WEIZENECKER, PERSON:ESQUIRE\n\n\n\nMICHAEL, PERSON:C., PERSON:MCLAUGHLIN, ORG:ESQUIRE, ORG:Jones, FAC:Peachtree, FAC:Street, FAC:N.E., FAC:Suite, FAC:800\n\n\n\nAtlanta, GPE:Georgia, MONEY:30309, CARDINAL:3053\n\n\n\nMARK, NORP:R., PERSON:Esguire, PERSON:Jones, PERSON:Versey, PERSON:Street\n\n\n\nNew, PERSON:York, GPE:New, GPE:York, DATE:10281, DATE:-, DATE:1047","Suite 200 Tampa, Florida  33606\n\n\n\nOn behalf of R. J. Reynolds:\n\n\n\nJOHN WALKER, ESQUIRE\n\n\n\nJENNIFER L. WEIZENECKER, ESQUIRE\n\n\n\nMICHAEL C. MCLAUGHLIN, ESQUIRE Jones Day\n\n\n\n1420 Peachtree Street, N.E. Suite 800\n\n\n\nAtlanta, Georgia  30309-3053\n\n\n\nMARK R. SEIDEN, Esguire Jones Day\n\n\n\n250 Versey Street\n\n\n\nNew York, New York  10281-1047",154,Suite,R. J. Reynolds:\n\n\n\nJOHN WALKER
47,PERSON,35,"CARDINAL:200, GPE:Tampa, GPE:Florida, CARDINAL:33606\n\n\n\nOn, PERSON:R., PERSON:J., PERSON:Reynolds:\n\n\n\nJOHN, PERSON:WALKER, PERSON:ESQUIRE\n\n\n\nJENNIFER, PERSON:L., PERSON:WEIZENECKER, PERSON:ESQUIRE\n\n\n\nMICHAEL, PERSON:C., PERSON:MCLAUGHLIN, ORG:ESQUIRE, ORG:Jones, FAC:Peachtree, FAC:Street, FAC:N.E., FAC:Suite, FAC:800\n\n\n\nAtlanta, GPE:Georgia, MONEY:30309, CARDINAL:3053\n\n\n\nMARK, NORP:R., PERSON:Esguire, PERSON:Jones, PERSON:Versey, PERSON:Street\n\n\n\nNew, PERSON:York, GPE:New, GPE:York, DATE:10281, DATE:-, DATE:1047","Suite 200 Tampa, Florida  33606\n\n\n\nOn behalf of R. J. Reynolds:\n\n\n\nJOHN WALKER, ESQUIRE\n\n\n\nJENNIFER L. WEIZENECKER, ESQUIRE\n\n\n\nMICHAEL C. MCLAUGHLIN, ESQUIRE Jones Day\n\n\n\n1420 Peachtree Street, N.E. Suite 800\n\n\n\nAtlanta, Georgia  30309-3053\n\n\n\nMARK R. SEIDEN, Esguire Jones Day\n\n\n\n250 Versey Street\n\n\n\nNew York, New York  10281-1047",154,Suite,ESQUIRE\n\n\n\nJENNIFER L. WEIZENECKER
48,PERSON,35,"CARDINAL:200, GPE:Tampa, GPE:Florida, CARDINAL:33606\n\n\n\nOn, PERSON:R., PERSON:J., PERSON:Reynolds:\n\n\n\nJOHN, PERSON:WALKER, PERSON:ESQUIRE\n\n\n\nJENNIFER, PERSON:L., PERSON:WEIZENECKER, PERSON:ESQUIRE\n\n\n\nMICHAEL, PERSON:C., PERSON:MCLAUGHLIN, ORG:ESQUIRE, ORG:Jones, FAC:Peachtree, FAC:Street, FAC:N.E., FAC:Suite, FAC:800\n\n\n\nAtlanta, GPE:Georgia, MONEY:30309, CARDINAL:3053\n\n\n\nMARK, NORP:R., PERSON:Esguire, PERSON:Jones, PERSON:Versey, PERSON:Street\n\n\n\nNew, PERSON:York, GPE:New, GPE:York, DATE:10281, DATE:-, DATE:1047","Suite 200 Tampa, Florida  33606\n\n\n\nOn behalf of R. J. Reynolds:\n\n\n\nJOHN WALKER, ESQUIRE\n\n\n\nJENNIFER L. WEIZENECKER, ESQUIRE\n\n\n\nMICHAEL C. MCLAUGHLIN, ESQUIRE Jones Day\n\n\n\n1420 Peachtree Street, N.E. Suite 800\n\n\n\nAtlanta, Georgia  30309-3053\n\n\n\nMARK R. SEIDEN, Esguire Jones Day\n\n\n\n250 Versey Street\n\n\n\nNew York, New York  10281-1047",154,Suite,ESQUIRE\n\n\n\nMICHAEL C. MCLAUGHLIN
49,ORG,35,"CARDINAL:200, GPE:Tampa, GPE:Florida, CARDINAL:33606\n\n\n\nOn, PERSON:R., PERSON:J., PERSON:Reynolds:\n\n\n\nJOHN, PERSON:WALKER, PERSON:ESQUIRE\n\n\n\nJENNIFER, PERSON:L., PERSON:WEIZENECKER, PERSON:ESQUIRE\n\n\n\nMICHAEL, PERSON:C., PERSON:MCLAUGHLIN, ORG:ESQUIRE, ORG:Jones, FAC:Peachtree, FAC:Street, FAC:N.E., FAC:Suite, FAC:800\n\n\n\nAtlanta, GPE:Georgia, MONEY:30309, CARDINAL:3053\n\n\n\nMARK, NORP:R., PERSON:Esguire, PERSON:Jones, PERSON:Versey, PERSON:Street\n\n\n\nNew, PERSON:York, GPE:New, GPE:York, DATE:10281, DATE:-, DATE:1047","Suite 200 Tampa, Florida  33606\n\n\n\nOn behalf of R. J. Reynolds:\n\n\n\nJOHN WALKER, ESQUIRE\n\n\n\nJENNIFER L. WEIZENECKER, ESQUIRE\n\n\n\nMICHAEL C. MCLAUGHLIN, ESQUIRE Jones Day\n\n\n\n1420 Peachtree Street, N.E. Suite 800\n\n\n\nAtlanta, Georgia  30309-3053\n\n\n\nMARK R. SEIDEN, Esguire Jones Day\n\n\n\n250 Versey Street\n\n\n\nNew York, New York  10281-1047",154,Suite,ESQUIRE Jones
50,FAC,35,"CARDINAL:200, GPE:Tampa, GPE:Florida, CARDINAL:33606\n\n\n\nOn, PERSON:R., PERSON:J., PERSON:Reynolds:\n\n\n\nJOHN, PERSON:WALKER, PERSON:ESQUIRE\n\n\n\nJENNIFER, PERSON:L., PERSON:WEIZENECKER, PERSON:ESQUIRE\n\n\n\nMICHAEL, PERSON:C., PERSON:MCLAUGHLIN, ORG:ESQUIRE, ORG:Jones, FAC:Peachtree, FAC:Street, FAC:N.E., FAC:Suite, FAC:800\n\n\n\nAtlanta, GPE:Georgia, MONEY:30309, CARDINAL:3053\n\n\n\nMARK, NORP:R., PERSON:Esguire, PERSON:Jones, PERSON:Versey, PERSON:Street\n\n\n\nNew, PERSON:York, GPE:New, GPE:York, DATE:10281, DATE:-, DATE:1047","Suite 200 Tampa, Florida  33606\n\n\n\nOn behalf of R. J. Reynolds:\n\n\n\nJOHN WALKER, ESQUIRE\n\n\n\nJENNIFER L. WEIZENECKER, ESQUIRE\n\n\n\nMICHAEL C. MCLAUGHLIN, ESQUIRE Jones Day\n\n\n\n1420 Peachtree Street, N.E. Suite 800\n\n\n\nAtlanta, Georgia  30309-3053\n\n\n\nMARK R. SEIDEN, Esguire Jones Day\n\n\n\n250 Versey Street\n\n\n\nNew York, New York  10281-1047",154,Suite,Peachtree Street
51,FAC,35,"CARDINAL:200, GPE:Tampa, GPE:Florida, CARDINAL:33606\n\n\n\nOn, PERSON:R., PERSON:J., PERSON:Reynolds:\n\n\n\nJOHN, PERSON:WALKER, PERSON:ESQUIRE\n\n\n\nJENNIFER, PERSON:L., PERSON:WEIZENECKER, PERSON:ESQUIRE\n\n\n\nMICHAEL, PERSON:C., PERSON:MCLAUGHLIN, ORG:ESQUIRE, ORG:Jones, FAC:Peachtree, FAC:Street, FAC:N.E., FAC:Suite, FAC:800\n\n\n\nAtlanta, GPE:Georgia, MONEY:30309, CARDINAL:3053\n\n\n\nMARK, NORP:R., PERSON:Esguire, PERSON:Jones, PERSON:Versey, PERSON:Street\n\n\n\nNew, PERSON:York, GPE:New, GPE:York, DATE:10281, DATE:-, DATE:1047","Suite 200 Tampa, Florida  33606\n\n\n\nOn behalf of R. J. Reynolds:\n\n\n\nJOHN WALKER, ESQUIRE\n\n\n\nJENNIFER L. WEIZENECKER, ESQUIRE\n\n\n\nMICHAEL C. MCLAUGHLIN, ESQUIRE Jones Day\n\n\n\n1420 Peachtree Street, N.E. Suite 800\n\n\n\nAtlanta, Georgia  30309-3053\n\n\n\nMARK R. SEIDEN, Esguire Jones Day\n\n\n\n250 Versey Street\n\n\n\nNew York, New York  10281-1047",154,Suite,N.E. Suite 800\n\n\n\nAtlanta
52,GPE,35,"CARDINAL:200, GPE:Tampa, GPE:Florida, CARDINAL:33606\n\n\n\nOn, PERSON:R., PERSON:J., PERSON:Reynolds:\n\n\n\nJOHN, PERSON:WALKER, PERSON:ESQUIRE\n\n\n\nJENNIFER, PERSON:L., PERSON:WEIZENECKER, PERSON:ESQUIRE\n\n\n\nMICHAEL, PERSON:C., PERSON:MCLAUGHLIN, ORG:ESQUIRE, ORG:Jones, FAC:Peachtree, FAC:Street, FAC:N.E., FAC:Suite, FAC:800\n\n\n\nAtlanta, GPE:Georgia, MONEY:30309, CARDINAL:3053\n\n\n\nMARK, NORP:R., PERSON:Esguire, PERSON:Jones, PERSON:Versey, PERSON:Street\n\n\n\nNew, PERSON:York, GPE:New, GPE:York, DATE:10281, DATE:-, DATE:1047","Suite 200 Tampa, Florida  33606\n\n\n\nOn behalf of R. J. Reynolds:\n\n\n\nJOHN WALKER, ESQUIRE\n\n\n\nJENNIFER L. WEIZENECKER, ESQUIRE\n\n\n\nMICHAEL C. MCLAUGHLIN, ESQUIRE Jones Day\n\n\n\n1420 Peachtree Street, N.E. Suite 800\n\n\n\nAtlanta, Georgia  30309-3053\n\n\n\nMARK R. SEIDEN, Esguire Jones Day\n\n\n\n250 Versey Street\n\n\n\nNew York, New York  10281-1047",154,Suite,Georgia
53,MONEY,35,"CARDINAL:200, GPE:Tampa, GPE:Florida, CARDINAL:33606\n\n\n\nOn, PERSON:R., PERSON:J., PERSON:Reynolds:\n\n\n\nJOHN, PERSON:WALKER, PERSON:ESQUIRE\n\n\n\nJENNIFER, PERSON:L., PERSON:WEIZENECKER, PERSON:ESQUIRE\n\n\n\nMICHAEL, PERSON:C., PERSON:MCLAUGHLIN, ORG:ESQUIRE, ORG:Jones, FAC:Peachtree, FAC:Street, FAC:N.E., FAC:Suite, FAC:800\n\n\n\nAtlanta, GPE:Georgia, MONEY:30309, CARDINAL:3053\n\n\n\nMARK, NORP:R., PERSON:Esguire, PERSON:Jones, PERSON:Versey, PERSON:Street\n\n\n\nNew, PERSON:York, GPE:New, GPE:York, DATE:10281, DATE:-, DATE:1047","Suite 200 Tampa, Florida  33606\n\n\n\nOn behalf of R. J. Reynolds:\n\n\n\nJOHN WALKER, ESQUIRE\n\n\n\nJENNIFER L. WEIZENECKER, ESQUIRE\n\n\n\nMICHAEL C. MCLAUGHLIN, ESQUIRE Jones Day\n\n\n\n1420 Peachtree Street, N.E. Suite 800\n\n\n\nAtlanta, Georgia  30309-3053\n\n\n\nMARK R. SEIDEN, Esguire Jones Day\n\n\n\n250 Versey Street\n\n\n\nNew York, New York  10281-1047",154,Suite,30309
54,CARDINAL,35,"CARDINAL:200, GPE:Tampa, GPE:Florida, CARDINAL:33606\n\n\n\nOn, PERSON:R., PERSON:J., PERSON:Reynolds:\n\n\n\nJOHN, PERSON:WALKER, PERSON:ESQUIRE\n\n\n\nJENNIFER, PERSON:L., PERSON:WEIZENECKER, PERSON:ESQUIRE\n\n\n\nMICHAEL, PERSON:C., PERSON:MCLAUGHLIN, ORG:ESQUIRE, ORG:Jones, FAC:Peachtree, FAC:Street, FAC:N.E., FAC:Suite, FAC:800\n\n\n\nAtlanta, GPE:Georgia, MONEY:30309, CARDINAL:3053\n\n\n\nMARK, NORP:R., PERSON:Esguire, PERSON:Jones, PERSON:Versey, PERSON:Street\n\n\n\nNew, PERSON:York, GPE:New, GPE:York, DATE:10281, DATE:-, DATE:1047","Suite 200 Tampa, Florida  33606\n\n\n\nOn behalf of R. J. Reynolds:\n\n\n\nJOHN WALKER, ESQUIRE\n\n\n\nJENNIFER L. WEIZENECKER, ESQUIRE\n\n\n\nMICHAEL C. MCLAUGHLIN, ESQUIRE Jones Day\n\n\n\n1420 Peachtree Street, N.E. Suite 800\n\n\n\nAtlanta, Georgia  30309-3053\n\n\n\nMARK R. SEIDEN, Esguire Jones Day\n\n\n\n250 Versey Street\n\n\n\nNew York, New York  10281-1047",154,Suite,3053\n\n\n\nMARK
55,NORP,35,"CARDINAL:200, GPE:Tampa, GPE:Florida, CARDINAL:33606\n\n\n\nOn, PERSON:R., PERSON:J., PERSON:Reynolds:\n\n\n\nJOHN, PERSON:WALKER, PERSON:ESQUIRE\n\n\n\nJENNIFER, PERSON:L., PERSON:WEIZENECKER, PERSON:ESQUIRE\n\n\n\nMICHAEL, PERSON:C., PERSON:MCLAUGHLIN, ORG:ESQUIRE, ORG:Jones, FAC:Peachtree, FAC:Street, FAC:N.E., FAC:Suite, FAC:800\n\n\n\nAtlanta, GPE:Georgia, MONEY:30309, CARDINAL:3053\n\n\n\nMARK, NORP:R., PERSON:Esguire, PERSON:Jones, PERSON:Versey, PERSON:Street\n\n\n\nNew, PERSON:York, GPE:New, GPE:York, DATE:10281, DATE:-, DATE:1047","Suite 200 Tampa, Florida  33606\n\n\n\nOn behalf of R. J. Reynolds:\n\n\n\nJOHN WALKER, ESQUIRE\n\n\n\nJENNIFER L. WEIZENECKER, ESQUIRE\n\n\n\nMICHAEL C. MCLAUGHLIN, ESQUIRE Jones Day\n\n\n\n1420 Peachtree Street, N.E. Suite 800\n\n\n\nAtlanta, Georgia  30309-3053\n\n\n\nMARK R. SEIDEN, Esguire Jones Day\n\n\n\n250 Versey Street\n\n\n\nNew York, New York  10281-1047",154,Suite,R.
56,PERSON,35,"CARDINAL:200, GPE:Tampa, GPE:Florida, CARDINAL:33606\n\n\n\nOn, PERSON:R., PERSON:J., PERSON:Reynolds:\n\n\n\nJOHN, PERSON:WALKER, PERSON:ESQUIRE\n\n\n\nJENNIFER, PERSON:L., PERSON:WEIZENECKER, PERSON:ESQUIRE\n\n\n\nMICHAEL, PERSON:C., PERSON:MCLAUGHLIN, ORG:ESQUIRE, ORG:Jones, FAC:Peachtree, FAC:Street, FAC:N.E., FAC:Suite, FAC:800\n\n\n\nAtlanta, GPE:Georgia, MONEY:30309, CARDINAL:3053\n\n\n\nMARK, NORP:R., PERSON:Esguire, PERSON:Jones, PERSON:Versey, PERSON:Street\n\n\n\nNew, PERSON:York, GPE:New, GPE:York, DATE:10281, DATE:-, DATE:1047","Suite 200 Tampa, Florida  33606\n\n\n\nOn behalf of R. J. Reynolds:\n\n\n\nJOHN WALKER, ESQUIRE\n\n\n\nJENNIFER L. WEIZENECKER, ESQUIRE\n\n\n\nMICHAEL C. MCLAUGHLIN, ESQUIRE Jones Day\n\n\n\n1420 Peachtree Street, N.E. Suite 800\n\n\n\nAtlanta, Georgia  30309-3053\n\n\n\nMARK R. SEIDEN, Esguire Jones Day\n\n\n\n250 Versey Street\n\n\n\nNew York, New York  10281-1047",154,Suite,Esguire Jones
57,PERSON,35,"CARDINAL:200, GPE:Tampa, GPE:Florida, CARDINAL:33606\n\n\n\nOn, PERSON:R., PERSON:J., PERSON:Reynolds:\n\n\n\nJOHN, PERSON:WALKER, PERSON:ESQUIRE\n\n\n\nJENNIFER, PERSON:L., PERSON:WEIZENECKER, PERSON:ESQUIRE\n\n\n\nMICHAEL, PERSON:C., PERSON:MCLAUGHLIN, ORG:ESQUIRE, ORG:Jones, FAC:Peachtree, FAC:Street, FAC:N.E., FAC:Suite, FAC:800\n\n\n\nAtlanta, GPE:Georgia, MONEY:30309, CARDINAL:3053\n\n\n\nMARK, NORP:R., PERSON:Esguire, PERSON:Jones, PERSON:Versey, PERSON:Street\n\n\n\nNew, PERSON:York, GPE:New, GPE:York, DATE:10281, DATE:-, DATE:1047","Suite 200 Tampa, Florida  33606\n\n\n\nOn behalf of R. J. Reynolds:\n\n\n\nJOHN WALKER, ESQUIRE\n\n\n\nJENNIFER L. WEIZENECKER, ESQUIRE\n\n\n\nMICHAEL C. MCLAUGHLIN, ESQUIRE Jones Day\n\n\n\n1420 Peachtree Street, N.E. Suite 800\n\n\n\nAtlanta, Georgia  30309-3053\n\n\n\nMARK R. SEIDEN, Esguire Jones Day\n\n\n\n250 Versey Street\n\n\n\nNew York, New York  10281-1047",154,Suite,Versey Street\n\n\n\nNew York
58,GPE,35,"CARDINAL:200, GPE:Tampa, GPE:Florida, CARDINAL:33606\n\n\n\nOn, PERSON:R., PERSON:J., PERSON:Reynolds:\n\n\n\nJOHN, PERSON:WALKER, PERSON:ESQUIRE\n\n\n\nJENNIFER, PERSON:L., PERSON:WEIZENECKER, PERSON:ESQUIRE\n\n\n\nMICHAEL, PERSON:C., PERSON:MCLAUGHLIN, ORG:ESQUIRE, ORG:Jones, FAC:Peachtree, FAC:Street, FAC:N.E., FAC:Suite, FAC:800\n\n\n\nAtlanta, GPE:Georgia, MONEY:30309, CARDINAL:3053\n\n\n\nMARK, NORP:R., PERSON:Esguire, PERSON:Jones, PERSON:Versey, PERSON:Street\n\n\n\nNew, PERSON:York, GPE:New, GPE:York, DATE:10281, DATE:-, DATE:1047","Suite 200 Tampa, Florida  33606\n\n\n\nOn behalf of R. J. Reynolds:\n\n\n\nJOHN WALKER, ESQUIRE\n\n\n\nJENNIFER L. WEIZENECKER, ESQUIRE\n\n\n\nMICHAEL C. MCLAUGHLIN, ESQUIRE Jones Day\n\n\n\n1420 Peachtree Street, N.E. Suite 800\n\n\n\nAtlanta, Georgia  30309-3053\n\n\n\nMARK R. SEIDEN, Esguire Jones Day\n\n\n\n250 Versey Street\n\n\n\nNew York, New York  10281-1047",154,Suite,New York
59,DATE,35,"CARDINAL:200, GPE:Tampa, GPE:Florida, CARDINAL:33606\n\n\n\nOn, PERSON:R., PERSON:J., PERSON:Reynolds:\n\n\n\nJOHN, PERSON:WALKER, PERSON:ESQUIRE\n\n\n\nJENNIFER, PERSON:L., PERSON:WEIZENECKER, PERSON:ESQUIRE\n\n\n\nMICHAEL, PERSON:C., PERSON:MCLAUGHLIN, ORG:ESQUIRE, ORG:Jones, FAC:Peachtree, FAC:Street, FAC:N.E., FAC:Suite, FAC:800\n\n\n\nAtlanta, GPE:Georgia, MONEY:30309, CARDINAL:3053\n\n\n\nMARK, NORP:R., PERSON:Esguire, PERSON:Jones, PERSON:Versey, PERSON:Street\n\n\n\nNew, PERSON:York, GPE:New, GPE:York, DATE:10281, DATE:-, DATE:1047","Suite 200 Tampa, Florida  33606\n\n\n\nOn behalf of R. J. Reynolds:\n\n\n\nJOHN WALKER, ESQUIRE\n\n\n\nJENNIFER L. WEIZENECKER, ESQUIRE\n\n\n\nMICHAEL C. MCLAUGHLIN, ESQUIRE Jones Day\n\n\n\n1420 Peachtree Street, N.E. Suite 800\n\n\n\nAtlanta, Georgia  30309-3053\n\n\n\nMARK R. SEIDEN, Esguire Jones Day\n\n\n\n250 Versey Street\n\n\n\nNew York, New York  10281-1047",154,Suite,10281-1047
60,PHONE_NUMBER,35,"CARDINAL:200, GPE:Tampa, GPE:Florida, CARDINAL:33606\n\n\n\nOn, PERSON:R., PERSON:J., PERSON:Reynolds:\n\n\n\nJOHN, PERSON:WALKER, PERSON:ESQUIRE\n\n\n\nJENNIFER, PERSON:L., PERSON:WEIZENECKER, PERSON:ESQUIRE\n\n\n\nMICHAEL, PERSON:C., PERSON:MCLAUGHLIN, ORG:ESQUIRE, ORG:Jones, FAC:Peachtree, FAC:Street, FAC:N.E., FAC:Suite, FAC:800\n\n\n\nAtlanta, GPE:Georgia, MONEY:30309, CARDINAL:3053\n\n\n\nMARK, NORP:R., PERSON:Esguire, PERSON:Jones, PERSON:Versey, PERSON:Street\n\n\n\nNew, PERSON:York, GPE:New, GPE:York, DATE:10281, DATE:-, DATE:1047","Suite 200 Tampa, Florida  33606\n\n\n\nOn behalf of R. J. Reynolds:\n\n\n\nJOHN WALKER, ESQUIRE\n\n\n\nJENNIFER L. WEIZENECKER, ESQUIRE\n\n\n\nMICHAEL C. MCLAUGHLIN, ESQUIRE Jones Day\n\n\n\n1420 Peachtree Street, N.E. Suite 800\n\n\n\nAtlanta, Georgia  30309-3053\n\n\n\nMARK R. SEIDEN, Esguire Jones Day\n\n\n\n250 Versey Street\n\n\n\nNew York, New York  10281-1047",154,Suite,309-3053
61,PHONE_NUMBER,35,"CARDINAL:200, GPE:Tampa, GPE:Florida, CARDINAL:33606\n\n\n\nOn, PERSON:R., PERSON:J., PERSON:Reynolds:\n\n\n\nJOHN, PERSON:WALKER, PERSON:ESQUIRE\n\n\n\nJENNIFER, PERSON:L., PERSON:WEIZENECKER, PERSON:ESQUIRE\n\n\n\nMICHAEL, PERSON:C., PERSON:MCLAUGHLIN, ORG:ESQUIRE, ORG:Jones, FAC:Peachtree, FAC:Street, FAC:N.E., FAC:Suite, FAC:800\n\n\n\nAtlanta, GPE:Georgia, MONEY:30309, CARDINAL:3053\n\n\n\nMARK, NORP:R., PERSON:Esguire, PERSON:Jones, PERSON:Versey, PERSON:Street\n\n\n\nNew, PERSON:York, GPE:New, GPE:York, DATE:10281, DATE:-, DATE:1047","Suite 200 Tampa, Florida  33606\n\n\n\nOn behalf of R. J. Reynolds:\n\n\n\nJOHN WALKER, ESQUIRE\n\n\n\nJENNIFER L. WEIZENECKER, ESQUIRE\n\n\n\nMICHAEL C. MCLAUGHLIN, ESQUIRE Jones Day\n\n\n\n1420 Peachtree Street, N.E. Suite 800\n\n\n\nAtlanta, Georgia  30309-3053\n\n\n\nMARK R. SEIDEN, Esguire Jones Day\n\n\n\n250 Versey Street\n\n\n\nNew York, New York  10281-1047",154,Suite,281-1047
62,PHONE_NUMBER,35,"CARDINAL:200, GPE:Tampa, GPE:Florida, CARDINAL:33606\n\n\n\nOn, PERSON:R., PERSON:J., PERSON:Reynolds:\n\n\n\nJOHN, PERSON:WALKER, PERSON:ESQUIRE\n\n\n\nJENNIFER, PERSON:L., PERSON:WEIZENECKER, PERSON:ESQUIRE\n\n\n\nMICHAEL, PERSON:C., PERSON:MCLAUGHLIN, ORG:ESQUIRE, ORG:Jones, FAC:Peachtree, FAC:Street, FAC:N.E., FAC:Suite, FAC:800\n\n\n\nAtlanta, GPE:Georgia, MONEY:30309, CARDINAL:3053\n\n\n\nMARK, NORP:R., PERSON:Esguire, PERSON:Jones, PERSON:Versey, PERSON:Street\n\n\n\nNew, PERSON:York, GPE:New, GPE:York, DATE:10281, DATE:-, DATE:1047","Suite 200 Tampa, Florida  33606\n\n\n\nOn behalf of R. J. Reynolds:\n\n\n\nJOHN WALKER, ESQUIRE\n\n\n\nJENNIFER L. WEIZENECKER, ESQUIRE\n\n\n\nMICHAEL C. MCLAUGHLIN, ESQUIRE Jones Day\n\n\n\n1420 Peachtree Street, N.E. Suite 800\n\n\n\nAtlanta, Georgia  30309-3053\n\n\n\nMARK R. SEIDEN, Esguire Jones Day\n\n\n\n250 Versey Street\n\n\n\nNew York, New York  10281-1047",154,Suite,309 3053
63,PHONE_NUMBER,35,"CARDINAL:200, GPE:Tampa, GPE:Florida, CARDINAL:33606\n\n\n\nOn, PERSON:R., PERSON:J., PERSON:Reynolds:\n\n\n\nJOHN, PERSON:WALKER, PERSON:ESQUIRE\n\n\n\nJENNIFER, PERSON:L., PERSON:WEIZENECKER, PERSON:ESQUIRE\n\n\n\nMICHAEL, PERSON:C., PERSON:MCLAUGHLIN, ORG:ESQUIRE, ORG:Jones, FAC:Peachtree, FAC:Street, FAC:N.E., FAC:Suite, FAC:800\n\n\n\nAtlanta, GPE:Georgia, MONEY:30309, CARDINAL:3053\n\n\n\nMARK, NORP:R., PERSON:Esguire, PERSON:Jones, PERSON:Versey, PERSON:Street\n\n\n\nNew, PERSON:York, GPE:New, GPE:York, DATE:10281, DATE:-, DATE:1047","Suite 200 Tampa, Florida  33606\n\n\n\nOn behalf of R. J. Reynolds:\n\n\n\nJOHN WALKER, ESQUIRE\n\n\n\nJENNIFER L. WEIZENECKER, ESQUIRE\n\n\n\nMICHAEL C. MCLAUGHLIN, ESQUIRE Jones Day\n\n\n\n1420 Peachtree Street, N.E. Suite 800\n\n\n\nAtlanta, Georgia  30309-3053\n\n\n\nMARK R. SEIDEN, Esguire Jones Day\n\n\n\n250 Versey Street\n\n\n\nNew York, New York  10281-1047",154,Suite,281 1047
64,DATE,35,"CARDINAL:200, GPE:Tampa, GPE:Florida, CARDINAL:33606\n\n\n\nOn, PERSON:R., PERSON:J., PERSON:Reynolds:\n\n\n\nJOHN, PERSON:WALKER, PERSON:ESQUIRE\n\n\n\nJENNIFER, PERSON:L., PERSON:WEIZENECKER, PERSON:ESQUIRE\n\n\n\nMICHAEL, PERSON:C., PERSON:MCLAUGHLIN, ORG:ESQUIRE, ORG:Jones, FAC:Peachtree, FAC:Street, FAC:N.E., FAC:Suite, FAC:800\n\n\n\nAtlanta, GPE:Georgia, MONEY:30309, CARDINAL:3053\n\n\n\nMARK, NORP:R., PERSON:Esguire, PERSON:Jones, PERSON:Versey, PERSON:Street\n\n\n\nNew, PERSON:York, GPE:New, GPE:York, DATE:10281, DATE:-, DATE:1047","Suite 200 Tampa, Florida  33606\n\n\n\nOn behalf of R. J. Reynolds:\n\n\n\nJOHN WALKER, ESQUIRE\n\n\n\nJENNIFER L. WEIZENECKER, ESQUIRE\n\n\n\nMICHAEL C. MCLAUGHLIN, ESQUIRE Jones Day\n\n\n\n1420 Peachtree Street, N.E. Suite 800\n\n\n\nAtlanta, Georgia  30309-3053\n\n\n\nMARK R. SEIDEN, Esguire Jones Day\n\n\n\n250 Versey Street\n\n\n\nNew York, New York  10281-1047",154,Suite,"('ida', '33606')"
65,DATE,35,"CARDINAL:200, GPE:Tampa, GPE:Florida, CARDINAL:33606\n\n\n\nOn, PERSON:R., PERSON:J., PERSON:Reynolds:\n\n\n\nJOHN, PERSON:WALKER, PERSON:ESQUIRE\n\n\n\nJENNIFER, PERSON:L., PERSON:WEIZENECKER, PERSON:ESQUIRE\n\n\n\nMICHAEL, PERSON:C., PERSON:MCLAUGHLIN, ORG:ESQUIRE, ORG:Jones, FAC:Peachtree, FAC:Street, FAC:N.E., FAC:Suite, FAC:800\n\n\n\nAtlanta, GPE:Georgia, MONEY:30309, CARDINAL:3053\n\n\n\nMARK, NORP:R., PERSON:Esguire, PERSON:Jones, PERSON:Versey, PERSON:Street\n\n\n\nNew, PERSON:York, GPE:New, GPE:York, DATE:10281, DATE:-, DATE:1047","Suite 200 Tampa, Florida  33606\n\n\n\nOn behalf of R. J. Reynolds:\n\n\n\nJOHN WALKER, ESQUIRE\n\n\n\nJENNIFER L. WEIZENECKER, ESQUIRE\n\n\n\nMICHAEL C. MCLAUGHLIN, ESQUIRE Jones Day\n\n\n\n1420 Peachtree Street, N.E. Suite 800\n\n\n\nAtlanta, Georgia  30309-3053\n\n\n\nMARK R. SEIDEN, Esguire Jones Day\n\n\n\n250 Versey Street\n\n\n\nNew York, New York  10281-1047",154,Suite,"('gia', '30309')"
66,DATE,35,"CARDINAL:200, GPE:Tampa, GPE:Florida, CARDINAL:33606\n\n\n\nOn, PERSON:R., PERSON:J., PERSON:Reynolds:\n\n\n\nJOHN, PERSON:WALKER, PERSON:ESQUIRE\n\n\n\nJENNIFER, PERSON:L., PERSON:WEIZENECKER, PERSON:ESQUIRE\n\n\n\nMICHAEL, PERSON:C., PERSON:MCLAUGHLIN, ORG:ESQUIRE, ORG:Jones, FAC:Peachtree, FAC:Street, FAC:N.E., FAC:Suite, FAC:800\n\n\n\nAtlanta, GPE:Georgia, MONEY:30309, CARDINAL:3053\n\n\n\nMARK, NORP:R., PERSON:Esguire, PERSON:Jones, PERSON:Versey, PERSON:Street\n\n\n\nNew, PERSON:York, GPE:New, GPE:York, DATE:10281, DATE:-, DATE:1047","Suite 200 Tampa, Florida  33606\n\n\n\nOn behalf of R. J. Reynolds:\n\n\n\nJOHN WALKER, ESQUIRE\n\n\n\nJENNIFER L. WEIZENECKER, ESQUIRE\n\n\n\nMICHAEL C. MCLAUGHLIN, ESQUIRE Jones Day\n\n\n\n1420 Peachtree Street, N.E. Suite 800\n\n\n\nAtlanta, Georgia  30309-3053\n\n\n\nMARK R. SEIDEN, Esguire Jones Day\n\n\n\n250 Versey Street\n\n\n\nNew York, New York  10281-1047",154,Suite,"('k', '10281')"
67,CARDINAL,1,CARDINAL:20\n\n\n\nALSO,20\n\n\n\nALSO PRESENT:  ,207,PRESENT,20\n\n\n\nALSO
68,PERSON,6,"PERSON:Ben, PERSON:Wooded, PERSON:Esquire\n\n\n\nBrook, PERSON:Jagues, PERSON:Esquire, CARDINAL:212","Ben Wooded, Esquire\n\n\n\nBrook Jagues, Esquire 22\n\n\n\nVeritext Reporting Company 212-2 7 9-9424                      www.veritext.com                      ",211,Wooded,Ben Wooded
69,PERSON,6,"PERSON:Ben, PERSON:Wooded, PERSON:Esquire\n\n\n\nBrook, PERSON:Jagues, PERSON:Esquire, CARDINAL:212","Ben Wooded, Esquire\n\n\n\nBrook Jagues, Esquire 22\n\n\n\nVeritext Reporting Company 212-2 7 9-9424                      www.veritext.com                      ",211,Wooded,Esquire\n\n\n\nBrook Jagues
70,PERSON,6,"PERSON:Ben, PERSON:Wooded, PERSON:Esquire\n\n\n\nBrook, PERSON:Jagues, PERSON:Esquire, CARDINAL:212","Ben Wooded, Esquire\n\n\n\nBrook Jagues, Esquire 22\n\n\n\nVeritext Reporting Company 212-2 7 9-9424                      www.veritext.com                      ",211,Wooded,Esquire
71,CARDINAL,6,"PERSON:Ben, PERSON:Wooded, PERSON:Esquire\n\n\n\nBrook, PERSON:Jagues, PERSON:Esquire, CARDINAL:212","Ben Wooded, Esquire\n\n\n\nBrook Jagues, Esquire 22\n\n\n\nVeritext Reporting Company 212-2 7 9-9424                      www.veritext.com                      ",211,Wooded,212
72,DATE,6,"PERSON:Ben, PERSON:Wooded, PERSON:Esquire\n\n\n\nBrook, PERSON:Jagues, PERSON:Esquire, CARDINAL:212","Ben Wooded, Esquire\n\n\n\nBrook Jagues, Esquire 22\n\n\n\nVeritext Reporting Company 212-2 7 9-9424                      www.veritext.com                      ",211,Wooded,"('e', '22')"
73,DATE,6,"PERSON:Ben, PERSON:Wooded, PERSON:Esquire\n\n\n\nBrook, PERSON:Jagues, PERSON:Esquire, CARDINAL:212","Ben Wooded, Esquire\n\n\n\nBrook Jagues, Esquire 22\n\n\n\nVeritext Reporting Company 212-2 7 9-9424                      www.veritext.com                      ",211,Wooded,"('e', '22')"
74,CARDINAL,2,"CARDINAL:212, CARDINAL:430\n\n\n\nc8b13f28",212-490-3 430\n\n\n\nc8b13f28-7ef2-4836-9bb0-02c0f6aa6e16\n\npgNbr=2\n\nPage 1120\n\n\n\nINDEX\n\n\n\nKENNETH,231,212,212
75,CARDINAL,2,"CARDINAL:212, CARDINAL:430\n\n\n\nc8b13f28",212-490-3 430\n\n\n\nc8b13f28-7ef2-4836-9bb0-02c0f6aa6e16\n\npgNbr=2\n\nPage 1120\n\n\n\nINDEX\n\n\n\nKENNETH,231,212,430\n\n\n\nc8b13f28
76,PERSON,3,"PERSON:MICHAEL, PERSON:CUMMINGS, PERSON:EXAMINATION\n\n\n\nBy","MICHAEL CUMMINGS, Ph.D\n\n\n\nDIRECT EXAMINATION\n\n\n\nBy  ",246,CUMMINGS,MICHAEL CUMMINGS
77,PERSON,3,"PERSON:MICHAEL, PERSON:CUMMINGS, PERSON:EXAMINATION\n\n\n\nBy","MICHAEL CUMMINGS, Ph.D\n\n\n\nDIRECT EXAMINATION\n\n\n\nBy  ",246,CUMMINGS,EXAMINATION\n\n\n\nBy
78,PERSON,0,,Mr.   Prysock--------------------------\n\n\n\nEXHIBITS\n\n\n\n-none-\n\n\n\n1124\n\nTHE COURT:  ,254,COURT,  
79,ORG,1,ORG:PRYSOCK,PRYSOCK:  ,267,PRYSOCK,PRYSOCK
80,DATE,1,DATE:May,May,270,May,May
81,ORG,1,ORG:PRYSOCK:\n\n\n\nQ,PRYSOCK:\n\n\n\nQ    ,281,PRYSOCK:\n\n\n\nQ,PRYSOCK:\n\n\n\nQ
82,DATE,3,"DATE:Good, DATE:morning, PERSON:Cummings","Good morning, Dr. Cummings.  ",283,morning,Good morning
83,PERSON,3,"DATE:Good, DATE:morning, PERSON:Cummings","Good morning, Dr. Cummings.  ",283,morning,Cummings
84,PERSON,1,PERSON:name.\n\n\n\nA,name.\n\n\n\nA    ,295,name.\n\n\n\nA,name.\n\n\n\nA
85,PERSON,5,"PERSON:Kenneth, PERSON:Michael, PERSON:Cummings.\n\n\n\nQ, PERSON:Cummings, PRODUCT:profession?\n\n\n\nA","Kenneth Michael Cummings.\n\n\n\nQ    Dr. Cummings, what is your current profession?\n\n\n\nA    ",297,Cummings,Kenneth Michael Cummings.\n\n\n\nQ
86,PERSON,5,"PERSON:Kenneth, PERSON:Michael, PERSON:Cummings.\n\n\n\nQ, PERSON:Cummings, PRODUCT:profession?\n\n\n\nA","Kenneth Michael Cummings.\n\n\n\nQ    Dr. Cummings, what is your current profession?\n\n\n\nA    ",297,Cummings,Cummings
87,PRODUCT,5,"PERSON:Kenneth, PERSON:Michael, PERSON:Cummings.\n\n\n\nQ, PERSON:Cummings, PRODUCT:profession?\n\n\n\nA","Kenneth Michael Cummings.\n\n\n\nQ    Dr. Cummings, what is your current profession?\n\n\n\nA    ",297,Cummings,profession?\n\n\n\nA    
88,ORG,4,"ORG:Medical, ORG:University, ORG:of\n\n\n\nSouth, ORG:Carolina.\n\n\n\nQ",I'm a professor in the department of psychiatry\n\n\n\nand behavioral sciences at the Medical University of\n\n\n\nSouth Carolina.\n\n\n\nQ    ,310,'m,Medical University of\n\n\n\nSouth Carolina.\n\n\n\nQ
89,GPE,3,"GPE:Charleston, NORP:South, NORP:Carolina.\n\n\n\nQ","And where is that located, sir?\n\n\n\nA    Charleston, South Carolina.\n\n\n\nQ    ",328,located,Charleston
90,NORP,3,"GPE:Charleston, NORP:South, NORP:Carolina.\n\n\n\nQ","And where is that located, sir?\n\n\n\nA    Charleston, South Carolina.\n\n\n\nQ    ",328,located,South Carolina.\n\n\n\nQ
91,TIME,2,"TIME:this, TIME:morning",We're going to go through a little bit\n\n\n\nof your experience and background this morning before we\n\n\n\nstart,344,going,this morning
92,ORDINAL,5,"ORDINAL:first, LANGUAGE:your\n\n\n\neducation, ORG:attended\n\n\n\ncollege, PRODUCT:thing.\n\n\n\nA, PRODUCT:Sure","but\n\n\n\nwhat I would like to do first is start with your\n\n\n\neducation, where you went to; where you attended\n\n\n\ncollege, where you did your postgraduate studies, what\n\n\n\nit was in, and that type thing.\n\n\n\nA    Sure.  ",370,start,first
93,LANGUAGE,5,"ORDINAL:first, LANGUAGE:your\n\n\n\neducation, ORG:attended\n\n\n\ncollege, PRODUCT:thing.\n\n\n\nA, PRODUCT:Sure","but\n\n\n\nwhat I would like to do first is start with your\n\n\n\neducation, where you went to; where you attended\n\n\n\ncollege, where you did your postgraduate studies, what\n\n\n\nit was in, and that type thing.\n\n\n\nA    Sure.  ",370,start,your\n\n\n\neducation
94,ORG,5,"ORDINAL:first, LANGUAGE:your\n\n\n\neducation, ORG:attended\n\n\n\ncollege, PRODUCT:thing.\n\n\n\nA, PRODUCT:Sure","but\n\n\n\nwhat I would like to do first is start with your\n\n\n\neducation, where you went to; where you attended\n\n\n\ncollege, where you did your postgraduate studies, what\n\n\n\nit was in, and that type thing.\n\n\n\nA    Sure.  ",370,start,attended\n\n\n\ncollege
95,PRODUCT,5,"ORDINAL:first, LANGUAGE:your\n\n\n\neducation, ORG:attended\n\n\n\ncollege, PRODUCT:thing.\n\n\n\nA, PRODUCT:Sure","but\n\n\n\nwhat I would like to do first is start with your\n\n\n\neducation, where you went to; where you attended\n\n\n\ncollege, where you did your postgraduate studies, what\n\n\n\nit was in, and that type thing.\n\n\n\nA    Sure.  ",370,start,thing.\n\n\n\nA    Sure
96,ORG,1,ORG:at\n\n\n\nFlorida,"Well, I started out actually at\n\n\n\nFlorida",413,started,at\n\n\n\nFlorida
97,LOC,4,"LOC:Southern, LOC:College, ORG:Miami, ORG:University","Southern College here for a semester, and then I\n\n\n\ntransferred to Miami University.  ",420,College,Southern College
98,ORG,4,"LOC:Southern, LOC:College, ORG:Miami, ORG:University","Southern College here for a semester, and then I\n\n\n\ntransferred to Miami University.  ",420,College,Miami University
99,GPE,4,"GPE:Miami, GPE:Ohio, GPE:Oxford, GPE:Ohio","Miami, Ohio, the one\n\n\n\nup in Oxford, Ohio, not down here, and I did my degree\n\n\n\nin physical education and health education.  ",435,Miami,Miami
100,GPE,4,"GPE:Miami, GPE:Ohio, GPE:Oxford, GPE:Ohio","Miami, Ohio, the one\n\n\n\nup in Oxford, Ohio, not down here, and I did my degree\n\n\n\nin physical education and health education.  ",435,Miami,Ohio
101,GPE,4,"GPE:Miami, GPE:Ohio, GPE:Oxford, GPE:Ohio","Miami, Ohio, the one\n\n\n\nup in Oxford, Ohio, not down here, and I did my degree\n\n\n\nin physical education and health education.  ",435,Miami,Oxford
102,GPE,4,"GPE:Miami, GPE:Ohio, GPE:Oxford, GPE:Ohio","Miami, Ohio, the one\n\n\n\nup in Oxford, Ohio, not down here, and I did my degree\n\n\n\nin physical education and health education.  ",435,Miami,Ohio
103,ORG,6,"ORG:the, ORG:University, ORG:of, ORG:Michigan, WORK_OF_ART:Ph.D., GPE:Michigan","After that\n\n\n\nI went to the University of Michigan where I did a\n\n\n\nmaster's of public health and health behavior and health\n\n\n\neducation, and then I continued to do my Ph.D. at the\n\n\n\nUniversity of Michigan in the same area, public health\n\n\n\neducation, health behavior.\n\n\n\nSo",462,went,the University of Michigan
104,WORK_OF_ART,6,"ORG:the, ORG:University, ORG:of, ORG:Michigan, WORK_OF_ART:Ph.D., GPE:Michigan","After that\n\n\n\nI went to the University of Michigan where I did a\n\n\n\nmaster's of public health and health behavior and health\n\n\n\neducation, and then I continued to do my Ph.D. at the\n\n\n\nUniversity of Michigan in the same area, public health\n\n\n\neducation, health behavior.\n\n\n\nSo",462,went,Ph.D.
105,GPE,6,"ORG:the, ORG:University, ORG:of, ORG:Michigan, WORK_OF_ART:Ph.D., GPE:Michigan","After that\n\n\n\nI went to the University of Michigan where I did a\n\n\n\nmaster's of public health and health behavior and health\n\n\n\neducation, and then I continued to do my Ph.D. at the\n\n\n\nUniversity of Michigan in the same area, public health\n\n\n\neducation, health behavior.\n\n\n\nSo",462,went,Michigan
106,PERSON,1,PERSON:had.\n\n\n\nQ,that's the education that I've had.\n\n\n\nQ    ,506,'s,had.\n\n\n\nQ
107,GPE,4,"GPE:the\n\n\n\nUniversity, GPE:of, GPE:Michigan, FAC:work?\n\n\n\nA",After you received your doctorate at the\n\n\n\nUniversity of Michigan where did you go to work?\n\n\n\nA    ,518,go,the\n\n\n\nUniversity of Michigan
108,FAC,4,"GPE:the\n\n\n\nUniversity, GPE:of, GPE:Michigan, FAC:work?\n\n\n\nA",After you received your doctorate at the\n\n\n\nUniversity of Michigan where did you go to work?\n\n\n\nA    ,518,go,work?\n\n\n\nA    
109,PERSON,2,"PERSON:was\n\n\n\nfinishing, WORK_OF_ART:Ph.D.","Well, I started out actually as I was\n\n\n\nfinishing up my Ph.D.",534,started,was\n\n\n\nfinishing
110,WORK_OF_ART,2,"PERSON:was\n\n\n\nfinishing, WORK_OF_ART:Ph.D.","Well, I started out actually as I was\n\n\n\nfinishing up my Ph.D.",534,started,Ph.D.
111,PERSON,15,"PERSON:Wayne, PERSON:State\n\n\n\nUniversity, CARDINAL:medicine\n\n\n\nthere, ORG:Roswell, ORG:Park\n\n\n\nCancer, ORG:Institute, GPE:Buffalo, GPE:New, GPE:York, CARDINAL:to\n\n\n\nBuffalo, DATE:the, DATE:early, DATE:80, DATE:'s, DATE:81","I was working at Wayne State\n\n\n\nUniversity in the department of community medicine\n\n\n\nthere, and then I was offered a job at Roswell Park\n\n\n\nCancer Institute in Buffalo, New York, and I move to\n\n\n\nBuffalo in the early 80's, early part of '81, and I\n\n\n\nstayed there until 2011.\n\n\n\nSo",546,working,Wayne State\n\n\n\nUniversity
112,CARDINAL,15,"PERSON:Wayne, PERSON:State\n\n\n\nUniversity, CARDINAL:medicine\n\n\n\nthere, ORG:Roswell, ORG:Park\n\n\n\nCancer, ORG:Institute, GPE:Buffalo, GPE:New, GPE:York, CARDINAL:to\n\n\n\nBuffalo, DATE:the, DATE:early, DATE:80, DATE:'s, DATE:81","I was working at Wayne State\n\n\n\nUniversity in the department of community medicine\n\n\n\nthere, and then I was offered a job at Roswell Park\n\n\n\nCancer Institute in Buffalo, New York, and I move to\n\n\n\nBuffalo in the early 80's, early part of '81, and I\n\n\n\nstayed there until 2011.\n\n\n\nSo",546,working,medicine\n\n\n\nthere
113,ORG,15,"PERSON:Wayne, PERSON:State\n\n\n\nUniversity, CARDINAL:medicine\n\n\n\nthere, ORG:Roswell, ORG:Park\n\n\n\nCancer, ORG:Institute, GPE:Buffalo, GPE:New, GPE:York, CARDINAL:to\n\n\n\nBuffalo, DATE:the, DATE:early, DATE:80, DATE:'s, DATE:81","I was working at Wayne State\n\n\n\nUniversity in the department of community medicine\n\n\n\nthere, and then I was offered a job at Roswell Park\n\n\n\nCancer Institute in Buffalo, New York, and I move to\n\n\n\nBuffalo in the early 80's, early part of '81, and I\n\n\n\nstayed there until 2011.\n\n\n\nSo",546,working,Roswell Park\n\n\n\nCancer Institute
114,GPE,15,"PERSON:Wayne, PERSON:State\n\n\n\nUniversity, CARDINAL:medicine\n\n\n\nthere, ORG:Roswell, ORG:Park\n\n\n\nCancer, ORG:Institute, GPE:Buffalo, GPE:New, GPE:York, CARDINAL:to\n\n\n\nBuffalo, DATE:the, DATE:early, DATE:80, DATE:'s, DATE:81","I was working at Wayne State\n\n\n\nUniversity in the department of community medicine\n\n\n\nthere, and then I was offered a job at Roswell Park\n\n\n\nCancer Institute in Buffalo, New York, and I move to\n\n\n\nBuffalo in the early 80's, early part of '81, and I\n\n\n\nstayed there until 2011.\n\n\n\nSo",546,working,Buffalo
115,GPE,15,"PERSON:Wayne, PERSON:State\n\n\n\nUniversity, CARDINAL:medicine\n\n\n\nthere, ORG:Roswell, ORG:Park\n\n\n\nCancer, ORG:Institute, GPE:Buffalo, GPE:New, GPE:York, CARDINAL:to\n\n\n\nBuffalo, DATE:the, DATE:early, DATE:80, DATE:'s, DATE:81","I was working at Wayne State\n\n\n\nUniversity in the department of community medicine\n\n\n\nthere, and then I was offered a job at Roswell Park\n\n\n\nCancer Institute in Buffalo, New York, and I move to\n\n\n\nBuffalo in the early 80's, early part of '81, and I\n\n\n\nstayed there until 2011.\n\n\n\nSo",546,working,New York
116,CARDINAL,15,"PERSON:Wayne, PERSON:State\n\n\n\nUniversity, CARDINAL:medicine\n\n\n\nthere, ORG:Roswell, ORG:Park\n\n\n\nCancer, ORG:Institute, GPE:Buffalo, GPE:New, GPE:York, CARDINAL:to\n\n\n\nBuffalo, DATE:the, DATE:early, DATE:80, DATE:'s, DATE:81","I was working at Wayne State\n\n\n\nUniversity in the department of community medicine\n\n\n\nthere, and then I was offered a job at Roswell Park\n\n\n\nCancer Institute in Buffalo, New York, and I move to\n\n\n\nBuffalo in the early 80's, early part of '81, and I\n\n\n\nstayed there until 2011.\n\n\n\nSo",546,working,to\n\n\n\nBuffalo
117,DATE,15,"PERSON:Wayne, PERSON:State\n\n\n\nUniversity, CARDINAL:medicine\n\n\n\nthere, ORG:Roswell, ORG:Park\n\n\n\nCancer, ORG:Institute, GPE:Buffalo, GPE:New, GPE:York, CARDINAL:to\n\n\n\nBuffalo, DATE:the, DATE:early, DATE:80, DATE:'s, DATE:81","I was working at Wayne State\n\n\n\nUniversity in the department of community medicine\n\n\n\nthere, and then I was offered a job at Roswell Park\n\n\n\nCancer Institute in Buffalo, New York, and I move to\n\n\n\nBuffalo in the early 80's, early part of '81, and I\n\n\n\nstayed there until 2011.\n\n\n\nSo",546,working,the early 80's
118,DATE,15,"PERSON:Wayne, PERSON:State\n\n\n\nUniversity, CARDINAL:medicine\n\n\n\nthere, ORG:Roswell, ORG:Park\n\n\n\nCancer, ORG:Institute, GPE:Buffalo, GPE:New, GPE:York, CARDINAL:to\n\n\n\nBuffalo, DATE:the, DATE:early, DATE:80, DATE:'s, DATE:81","I was working at Wayne State\n\n\n\nUniversity in the department of community medicine\n\n\n\nthere, and then I was offered a job at Roswell Park\n\n\n\nCancer Institute in Buffalo, New York, and I move to\n\n\n\nBuffalo in the early 80's, early part of '81, and I\n\n\n\nstayed there until 2011.\n\n\n\nSo",546,working,81
119,DATE,15,"PERSON:Wayne, PERSON:State\n\n\n\nUniversity, CARDINAL:medicine\n\n\n\nthere, ORG:Roswell, ORG:Park\n\n\n\nCancer, ORG:Institute, GPE:Buffalo, GPE:New, GPE:York, CARDINAL:to\n\n\n\nBuffalo, DATE:the, DATE:early, DATE:80, DATE:'s, DATE:81","I was working at Wayne State\n\n\n\nUniversity in the department of community medicine\n\n\n\nthere, and then I was offered a job at Roswell Park\n\n\n\nCancer Institute in Buffalo, New York, and I move to\n\n\n\nBuffalo in the early 80's, early part of '81, and I\n\n\n\nstayed there until 2011.\n\n\n\nSo",546,working,"('ly', '80')"
120,DATE,15,"PERSON:Wayne, PERSON:State\n\n\n\nUniversity, CARDINAL:medicine\n\n\n\nthere, ORG:Roswell, ORG:Park\n\n\n\nCancer, ORG:Institute, GPE:Buffalo, GPE:New, GPE:York, CARDINAL:to\n\n\n\nBuffalo, DATE:the, DATE:early, DATE:80, DATE:'s, DATE:81","I was working at Wayne State\n\n\n\nUniversity in the department of community medicine\n\n\n\nthere, and then I was offered a job at Roswell Park\n\n\n\nCancer Institute in Buffalo, New York, and I move to\n\n\n\nBuffalo in the early 80's, early part of '81, and I\n\n\n\nstayed there until 2011.\n\n\n\nSo",546,working,"('ly', '80')"
121,LOC,2,"LOC:junior\n\n\n\nscientist, NORP:program.\n\n\n\nQ",I sort of rose up the ranks from a junior\n\n\n\nscientist to a senior research scientist there where I\n\n\n\ndirected their cancer prevention program.\n\n\n\nQ    ,597,rose,junior\n\n\n\nscientist
122,NORP,2,"LOC:junior\n\n\n\nscientist, NORP:program.\n\n\n\nQ",I sort of rose up the ranks from a junior\n\n\n\nscientist to a senior research scientist there where I\n\n\n\ndirected their cancer prevention program.\n\n\n\nQ    ,597,rose,program.\n\n\n\nQ
123,FAC,4,"FAC:Roswell, FAC:Park, FAC:Cancer, FAC:Center",You said Roswell Park Cancer Center.  ,620,said,Roswell Park Cancer Center
124,ORG,2,"ORG:those\n\n\n\nwho, PERSON:Roswell","For those\n\n\n\nwho may not be familiar with it from this part of the\n\n\n\ncountry, can you please tell us what the Roswell Park\n\n\n\nCancer",628,tell,those\n\n\n\nwho
125,PERSON,2,"ORG:those\n\n\n\nwho, PERSON:Roswell","For those\n\n\n\nwho may not be familiar with it from this part of the\n\n\n\ncountry, can you please tell us what the Roswell Park\n\n\n\nCancer",628,tell,Roswell
126,ORG,4,"ORG:National, ORG:Cancer\n\n\n\nInstitute, CARDINAL:about, CARDINAL:40",That's a designated the National Cancer\n\n\n\nInstitute designates comprehensive cancer centers.\n\n\n\nThere's about 40 of them around the country.  ,654,'s,National Cancer\n\n\n\nInstitute
127,CARDINAL,4,"ORG:National, ORG:Cancer\n\n\n\nInstitute, CARDINAL:about, CARDINAL:40",That's a designated the National Cancer\n\n\n\nInstitute designates comprehensive cancer centers.\n\n\n\nThere's about 40 of them around the country.  ,654,'s,about 40
128,CARDINAL,4,"CARDINAL:one, ORDINAL:first, DATE:1971, LOC:for\n\n\n\ncancer","Roswell\n\n\n\nPark was one of the first designated cancer centers back\n\n\n\nin 1971, and it basically that designation requires\n\n\n\nyou to have excellence in research and treatment for\n\n\n\ncancer.  ",675,was,one
129,ORDINAL,4,"CARDINAL:one, ORDINAL:first, DATE:1971, LOC:for\n\n\n\ncancer","Roswell\n\n\n\nPark was one of the first designated cancer centers back\n\n\n\nin 1971, and it basically that designation requires\n\n\n\nyou to have excellence in research and treatment for\n\n\n\ncancer.  ",675,was,first
130,DATE,4,"CARDINAL:one, ORDINAL:first, DATE:1971, LOC:for\n\n\n\ncancer","Roswell\n\n\n\nPark was one of the first designated cancer centers back\n\n\n\nin 1971, and it basically that designation requires\n\n\n\nyou to have excellence in research and treatment for\n\n\n\ncancer.  ",675,was,1971
131,LOC,4,"CARDINAL:one, ORDINAL:first, DATE:1971, LOC:for\n\n\n\ncancer","Roswell\n\n\n\nPark was one of the first designated cancer centers back\n\n\n\nin 1971, and it basically that designation requires\n\n\n\nyou to have excellence in research and treatment for\n\n\n\ncancer.  ",675,was,for\n\n\n\ncancer
132,PERSON,1,PERSON:cancer.\n\n\n\nQ,"So it's focussed on, you know, early detection,\n\n\n\nprevention of cancer, as well as developing treatments\n\n\n\nfor cancer.\n\n\n\nQ    ",703,focussed,cancer.\n\n\n\nQ    
133,DATE,2,"DATE:1982, DATE:2011",From 1982 to 2011 what was your position at the\n\n\n\nRoswell,724,was,1982
134,DATE,2,"DATE:1982, DATE:2011",From 1982 to 2011 what was your position at the\n\n\n\nRoswell,724,was,2011
135,DATE,2,"DATE:1982, DATE:2011",From 1982 to 2011 what was your position at the\n\n\n\nRoswell,724,was,"('om', '1982')"
136,DATE,2,"DATE:1982, DATE:2011",From 1982 to 2011 what was your position at the\n\n\n\nRoswell,724,was,"('om', '1982')"
137,PERSON,2,"PERSON:Roswell, PERSON:Park.\n\n\n\nI","Well, I started out as a junior scientist in\n\n\n\nthe department of cancer prevention, and my area of\n\n\n\nspecialty was in health behavior, and I got involved in\n\n\n\ndoing smoking cessation programs, and set up the clinics\n\n\n\nthat operated at Roswell Park.\n\n\n\nI continued to do that.  ",738,started,Roswell Park.\n\n\n\nI
138,FAC,2,"FAC:people\n\n\n\nsmoke, PERSON:quit.\n\n\n\nI","Of course it's a\n\n\n\nresearch institution, so I was there to do research as\n\n\n\nwell, so a lot of my research focused on why people\n\n\n\nsmoke, why they have difficulties quitting, methods for\n\n\n\nhelping people quit.\n\n\n\nI was pretty successful at getting grants.  ",786,was,people\n\n\n\nsmoke
139,PERSON,2,"FAC:people\n\n\n\nsmoke, PERSON:quit.\n\n\n\nI","Of course it's a\n\n\n\nresearch institution, so I was there to do research as\n\n\n\nwell, so a lot of my research focused on why people\n\n\n\nsmoke, why they have difficulties quitting, methods for\n\n\n\nhelping people quit.\n\n\n\nI was pretty successful at getting grants.  ",786,was,quit.\n\n\n\nI
140,CARDINAL,1,CARDINAL:90,"I\n\n\n\nrows up the ranks, and, you know, in the latter part of\n\n\n\nthe 90",831,of\n\n\n\nthe,90
141,ORG,7,"ORG:the\n\n\n\nDepartment, ORG:of, ORG:Health, ORG:Behavior, PERSON:their\n\n\n\ncancer, CARDINAL:about, CARDINAL:200","I was basically appointed as chair of the\n\n\n\nDepartment of Health Behavior there, head of their\n\n\n\ncancer prevention program, had about 200 people",848,appointed,the\n\n\n\nDepartment of Health Behavior
142,PERSON,7,"ORG:the\n\n\n\nDepartment, ORG:of, ORG:Health, ORG:Behavior, PERSON:their\n\n\n\ncancer, CARDINAL:about, CARDINAL:200","I was basically appointed as chair of the\n\n\n\nDepartment of Health Behavior there, head of their\n\n\n\ncancer prevention program, had about 200 people",848,appointed,their\n\n\n\ncancer
143,CARDINAL,7,"ORG:the\n\n\n\nDepartment, ORG:of, ORG:Health, ORG:Behavior, PERSON:their\n\n\n\ncancer, CARDINAL:about, CARDINAL:200","I was basically appointed as chair of the\n\n\n\nDepartment of Health Behavior there, head of their\n\n\n\ncancer prevention program, had about 200 people",848,appointed,about 200
144,NORP,1,NORP:working\n\n\n\nunder,working\n\n\n\nunder,871,working\n\n\n\nunder,working\n\n\n\nunder
145,GPE,2,"GPE:M.D., WORK_OF_ART:Ph.D.","me, M.D.'s, Ph.D.'s, master's.  ",872,me,M.D.
146,WORK_OF_ART,2,"GPE:M.D., WORK_OF_ART:Ph.D.","me, M.D.'s, Ph.D.'s, master's.  ",872,me,Ph.D.
147,PERSON,4,"PERSON:Quit, PERSON:Line, ORG:which\n\n\n\nprovided, GPE:call\n\n\n\nto","We ran I\n\n\n\ncreated the New York State Smokers Quit Line, which\n\n\n\nprovided a toll free hotline for smokers to call\n\n\n\nto get help.  ",884,ran,Quit Line
148,ORG,4,"PERSON:Quit, PERSON:Line, ORG:which\n\n\n\nprovided, GPE:call\n\n\n\nto","We ran I\n\n\n\ncreated the New York State Smokers Quit Line, which\n\n\n\nprovided a toll free hotline for smokers to call\n\n\n\nto get help.  ",884,ran,which\n\n\n\nprovided
149,GPE,4,"PERSON:Quit, PERSON:Line, ORG:which\n\n\n\nprovided, GPE:call\n\n\n\nto","We ran I\n\n\n\ncreated the New York State Smokers Quit Line, which\n\n\n\nprovided a toll free hotline for smokers to call\n\n\n\nto get help.  ",884,ran,call\n\n\n\nto
150,DATE,5,"DATE:the, DATE:late, DATE:90, DATE:'s, ORG:survey\n\n\n\nresearch","I set that up in the late 90's, and survey\n\n\n\nresearch center, tobacco testing lab.  ",908,set,the late 90's
151,ORG,5,"DATE:the, DATE:late, DATE:90, DATE:'s, ORG:survey\n\n\n\nresearch","I set that up in the late 90's, and survey\n\n\n\nresearch center, tobacco testing lab.  ",908,set,survey\n\n\n\nresearch
152,DATE,1,DATE:2011,"So, you know, it\n\n\n\nsort of follows along.\n\n\n\nThen when I left in 2011.",927,follows,2011
153,GPE,1,GPE:Charleston,"My family had all\n\n\n\nmoved, my kids had settled in Charleston.  ",942,settled,Charleston
154,PERSON,7,"PERSON:Medical\n\n\n\nUniversity, GPE:Charleston, ORG:been\n\n\n\nthere, DATE:five, DATE:years, ORG:activities.\n\n\n\nI, ORG:cessation\n\n\n\nservice","The Medical\n\n\n\nUniversity offered me a job, so I left the cold and went\n\n\n\nto see the grandkids down in Charleston, and I've been\n\n\n\nthere for five years, where I've essentially tried to\n\n\n\nreplicate the same kinds of activities.\n\n\n\nI have set up a hospital-based cessation\n\n\n\nservice for our patients.  ",955,left,Medical\n\n\n\nUniversity
155,GPE,7,"PERSON:Medical\n\n\n\nUniversity, GPE:Charleston, ORG:been\n\n\n\nthere, DATE:five, DATE:years, ORG:activities.\n\n\n\nI, ORG:cessation\n\n\n\nservice","The Medical\n\n\n\nUniversity offered me a job, so I left the cold and went\n\n\n\nto see the grandkids down in Charleston, and I've been\n\n\n\nthere for five years, where I've essentially tried to\n\n\n\nreplicate the same kinds of activities.\n\n\n\nI have set up a hospital-based cessation\n\n\n\nservice for our patients.  ",955,left,Charleston
156,ORG,7,"PERSON:Medical\n\n\n\nUniversity, GPE:Charleston, ORG:been\n\n\n\nthere, DATE:five, DATE:years, ORG:activities.\n\n\n\nI, ORG:cessation\n\n\n\nservice","The Medical\n\n\n\nUniversity offered me a job, so I left the cold and went\n\n\n\nto see the grandkids down in Charleston, and I've been\n\n\n\nthere for five years, where I've essentially tried to\n\n\n\nreplicate the same kinds of activities.\n\n\n\nI have set up a hospital-based cessation\n\n\n\nservice for our patients.  ",955,left,been\n\n\n\nthere
157,DATE,7,"PERSON:Medical\n\n\n\nUniversity, GPE:Charleston, ORG:been\n\n\n\nthere, DATE:five, DATE:years, ORG:activities.\n\n\n\nI, ORG:cessation\n\n\n\nservice","The Medical\n\n\n\nUniversity offered me a job, so I left the cold and went\n\n\n\nto see the grandkids down in Charleston, and I've been\n\n\n\nthere for five years, where I've essentially tried to\n\n\n\nreplicate the same kinds of activities.\n\n\n\nI have set up a hospital-based cessation\n\n\n\nservice for our patients.  ",955,left,five years
158,ORG,7,"PERSON:Medical\n\n\n\nUniversity, GPE:Charleston, ORG:been\n\n\n\nthere, DATE:five, DATE:years, ORG:activities.\n\n\n\nI, ORG:cessation\n\n\n\nservice","The Medical\n\n\n\nUniversity offered me a job, so I left the cold and went\n\n\n\nto see the grandkids down in Charleston, and I've been\n\n\n\nthere for five years, where I've essentially tried to\n\n\n\nreplicate the same kinds of activities.\n\n\n\nI have set up a hospital-based cessation\n\n\n\nservice for our patients.  ",955,left,activities.\n\n\n\nI
159,ORG,7,"PERSON:Medical\n\n\n\nUniversity, GPE:Charleston, ORG:been\n\n\n\nthere, DATE:five, DATE:years, ORG:activities.\n\n\n\nI, ORG:cessation\n\n\n\nservice","The Medical\n\n\n\nUniversity offered me a job, so I left the cold and went\n\n\n\nto see the grandkids down in Charleston, and I've been\n\n\n\nthere for five years, where I've essentially tried to\n\n\n\nreplicate the same kinds of activities.\n\n\n\nI have set up a hospital-based cessation\n\n\n\nservice for our patients.  ",955,left,cessation\n\n\n\nservice
160,ORG,1,ORG:offered\n\n\n\ntreatment,Every patient that comes in\n\n\n\nthe hospital or emergency room is automatically offered\n\n\n\ntreatment services for smoking.  ,1008,is,offered\n\n\n\ntreatment
161,PRODUCT,3,"PRODUCT:after\n\n\n\ndischarge, FAC:medications\n\n\n\nand, ORG:ways.\n\n\n\nQ",We follow them after\n\n\n\ndischarge and offer them basically access to medications\n\n\n\nand follow-up support in a variety of ways.\n\n\n\nQ    ,1025,follow,after\n\n\n\ndischarge
162,FAC,3,"PRODUCT:after\n\n\n\ndischarge, FAC:medications\n\n\n\nand, ORG:ways.\n\n\n\nQ",We follow them after\n\n\n\ndischarge and offer them basically access to medications\n\n\n\nand follow-up support in a variety of ways.\n\n\n\nQ    ,1025,follow,medications\n\n\n\nand
163,ORG,3,"PRODUCT:after\n\n\n\ndischarge, FAC:medications\n\n\n\nand, ORG:ways.\n\n\n\nQ",We follow them after\n\n\n\ndischarge and offer them basically access to medications\n\n\n\nand follow-up support in a variety of ways.\n\n\n\nQ    ,1025,follow,ways.\n\n\n\nQ
164,ORG,1,ORG:number?\n\nA,What is your social security number?\n\nA    ,1046,is,number?\n\nA
165,CARDINAL,1,CARDINAL:859,859-34-1544\n\nQ    ,1053,1544\n\nQ,859
166,FAC,4,"FAC:Roswell, FAC:Park, PERSON:completely\n\n\n\nbecome, PRODUCT:center?\n\n\n\nA",And while at Roswell Park did you completely\n\n\n\nbecome the director of the tobacco cessation center?\n\n\n\nA    ,1059,completely\n\n\n\nbecome,Roswell Park
167,PERSON,4,"FAC:Roswell, FAC:Park, PERSON:completely\n\n\n\nbecome, PRODUCT:center?\n\n\n\nA",And while at Roswell Park did you completely\n\n\n\nbecome the director of the tobacco cessation center?\n\n\n\nA    ,1059,completely\n\n\n\nbecome,completely\n\n\n\nbecome
168,PRODUCT,4,"FAC:Roswell, FAC:Park, PERSON:completely\n\n\n\nbecome, PRODUCT:center?\n\n\n\nA",And while at Roswell Park did you completely\n\n\n\nbecome the director of the tobacco cessation center?\n\n\n\nA    ,1059,completely\n\n\n\nbecome,center?\n\n\n\nA
169,DATE,10,"DATE:Seven, DATE:-, DATE:day, GPE:Adventist, GPE:Roswell, ORDINAL:first, CARDINAL:30, CARDINAL:of\n\n\n\nabout, CARDINAL:10,000, GPE:Roswell","They used to have\n\n\n\nthe Seven-day Adventist program come in once a year to\n\n\n\nrun clinics at Roswell when I first arrived there, and\n\n\n\nso I established stop smoking clinics for patients and\n\n\n\noperated those personally for 30 years.\n\n\n\nSo I probably have personally taken care of\n\n\n\nabout 10,000 or more smokers, running the clinics when I\n\n\n\nwas at Roswell, and then we set up the quit line to\n\n\n\nbasically make it easier.  ",1085,established,Seven-day
170,GPE,10,"DATE:Seven, DATE:-, DATE:day, GPE:Adventist, GPE:Roswell, ORDINAL:first, CARDINAL:30, CARDINAL:of\n\n\n\nabout, CARDINAL:10,000, GPE:Roswell","They used to have\n\n\n\nthe Seven-day Adventist program come in once a year to\n\n\n\nrun clinics at Roswell when I first arrived there, and\n\n\n\nso I established stop smoking clinics for patients and\n\n\n\noperated those personally for 30 years.\n\n\n\nSo I probably have personally taken care of\n\n\n\nabout 10,000 or more smokers, running the clinics when I\n\n\n\nwas at Roswell, and then we set up the quit line to\n\n\n\nbasically make it easier.  ",1085,established,Adventist
171,GPE,10,"DATE:Seven, DATE:-, DATE:day, GPE:Adventist, GPE:Roswell, ORDINAL:first, CARDINAL:30, CARDINAL:of\n\n\n\nabout, CARDINAL:10,000, GPE:Roswell","They used to have\n\n\n\nthe Seven-day Adventist program come in once a year to\n\n\n\nrun clinics at Roswell when I first arrived there, and\n\n\n\nso I established stop smoking clinics for patients and\n\n\n\noperated those personally for 30 years.\n\n\n\nSo I probably have personally taken care of\n\n\n\nabout 10,000 or more smokers, running the clinics when I\n\n\n\nwas at Roswell, and then we set up the quit line to\n\n\n\nbasically make it easier.  ",1085,established,Roswell
172,ORDINAL,10,"DATE:Seven, DATE:-, DATE:day, GPE:Adventist, GPE:Roswell, ORDINAL:first, CARDINAL:30, CARDINAL:of\n\n\n\nabout, CARDINAL:10,000, GPE:Roswell","They used to have\n\n\n\nthe Seven-day Adventist program come in once a year to\n\n\n\nrun clinics at Roswell when I first arrived there, and\n\n\n\nso I established stop smoking clinics for patients and\n\n\n\noperated those personally for 30 years.\n\n\n\nSo I probably have personally taken care of\n\n\n\nabout 10,000 or more smokers, running the clinics when I\n\n\n\nwas at Roswell, and then we set up the quit line to\n\n\n\nbasically make it easier.  ",1085,established,first
173,CARDINAL,10,"DATE:Seven, DATE:-, DATE:day, GPE:Adventist, GPE:Roswell, ORDINAL:first, CARDINAL:30, CARDINAL:of\n\n\n\nabout, CARDINAL:10,000, GPE:Roswell","They used to have\n\n\n\nthe Seven-day Adventist program come in once a year to\n\n\n\nrun clinics at Roswell when I first arrived there, and\n\n\n\nso I established stop smoking clinics for patients and\n\n\n\noperated those personally for 30 years.\n\n\n\nSo I probably have personally taken care of\n\n\n\nabout 10,000 or more smokers, running the clinics when I\n\n\n\nwas at Roswell, and then we set up the quit line to\n\n\n\nbasically make it easier.  ",1085,established,30
174,CARDINAL,10,"DATE:Seven, DATE:-, DATE:day, GPE:Adventist, GPE:Roswell, ORDINAL:first, CARDINAL:30, CARDINAL:of\n\n\n\nabout, CARDINAL:10,000, GPE:Roswell","They used to have\n\n\n\nthe Seven-day Adventist program come in once a year to\n\n\n\nrun clinics at Roswell when I first arrived there, and\n\n\n\nso I established stop smoking clinics for patients and\n\n\n\noperated those personally for 30 years.\n\n\n\nSo I probably have personally taken care of\n\n\n\nabout 10,000 or more smokers, running the clinics when I\n\n\n\nwas at Roswell, and then we set up the quit line to\n\n\n\nbasically make it easier.  ",1085,established,"of\n\n\n\nabout 10,000"
175,GPE,10,"DATE:Seven, DATE:-, DATE:day, GPE:Adventist, GPE:Roswell, ORDINAL:first, CARDINAL:30, CARDINAL:of\n\n\n\nabout, CARDINAL:10,000, GPE:Roswell","They used to have\n\n\n\nthe Seven-day Adventist program come in once a year to\n\n\n\nrun clinics at Roswell when I first arrived there, and\n\n\n\nso I established stop smoking clinics for patients and\n\n\n\noperated those personally for 30 years.\n\n\n\nSo I probably have personally taken care of\n\n\n\nabout 10,000 or more smokers, running the clinics when I\n\n\n\nwas at Roswell, and then we set up the quit line to\n\n\n\nbasically make it easier.  ",1085,established,Roswell
176,ORG,2,"ORG:Cooper, ORG:nationality?\n\nA","So, Cooper could you please share your nationality?\n\nA    ",1174,share,Cooper
177,ORG,2,"ORG:Cooper, ORG:nationality?\n\nA","So, Cooper could you please share your nationality?\n\nA    ",1174,share,nationality?\n\nA    
178,ORDINAL,1,ORDINAL:first,I just said a term for the first time.\n\n\n\nCessation.  ,1186,said,first
179,PRODUCT,1,"PRODUCT:means,\n\n\n\nsimply?\n\n\n\nA","means,\n\n\n\nsimply?\n\n\n\nA    ",1203,"means,\n\n\n\nsimply?\n\n\n\nA","means,\n\n\n\nsimply?\n\n\n\nA"
180,FAC,1,FAC:is\n\n\n\na,"You know, cessation is discontinuing the\n\n\n\nbehavior, in this case the behavior of smoking, which is\n\n\n\na struggle for most smokers because of nicotine\n\n\n\naddiction.  ",1208,discontinuing,is\n\n\n\na
181,FAC,2,"FAC:smokers\n\n\n\novercome, PRODUCT:dependence.\n\n\n\nQ",And so developing treatments to help smokers\n\n\n\novercome their nicotine dependence.\n\n\n\nQ    ,1235,developing,smokers\n\n\n\novercome
182,PRODUCT,2,"FAC:smokers\n\n\n\novercome, PRODUCT:dependence.\n\n\n\nQ",And so developing treatments to help smokers\n\n\n\novercome their nicotine dependence.\n\n\n\nQ    ,1235,developing,dependence.\n\n\n\nQ    
183,ORG,4,"ORG:you\n\n\n\ndeveloped, CARDINAL:quit\n\n\n\nline, LOC:New, LOC:York.\n\n\n\nA","In addition to, and you mentioned that you\n\n\n\ndeveloped and headed up the stop, or the smokers quit\n\n\n\nline for the state of New York.\n\n\n\nA    ",1246,mentioned,you\n\n\n\ndeveloped
184,CARDINAL,4,"ORG:you\n\n\n\ndeveloped, CARDINAL:quit\n\n\n\nline, LOC:New, LOC:York.\n\n\n\nA","In addition to, and you mentioned that you\n\n\n\ndeveloped and headed up the stop, or the smokers quit\n\n\n\nline for the state of New York.\n\n\n\nA    ",1246,mentioned,quit\n\n\n\nline
185,LOC,4,"ORG:you\n\n\n\ndeveloped, CARDINAL:quit\n\n\n\nline, LOC:New, LOC:York.\n\n\n\nA","In addition to, and you mentioned that you\n\n\n\ndeveloped and headed up the stop, or the smokers quit\n\n\n\nline for the state of New York.\n\n\n\nA    ",1246,mentioned,New York.\n\n\n\nA
186,PERSON,1,PERSON:right.\n\n\n\nQ,That's right.\n\n\n\nQ    ,1272,'s,right.\n\n\n\nQ    
187,ORG,2,"ORG:quit\n\n\n\nsmoking, PERSON:cigarettes?\n\n\n\nA","In addition to assisting smokers trying to quit\n\n\n\nsmoking, have you also done research into cigarette\n\n\n\ndesign, the qualities of cigarettes that make them\n\n\n\naddictive, youth marketing, and other topics, all\n\n\n\nrelated to cigarettes?\n\n\n\nA    Yes.  ",1276,done,quit\n\n\n\nsmoking
188,PERSON,2,"ORG:quit\n\n\n\nsmoking, PERSON:cigarettes?\n\n\n\nA","In addition to assisting smokers trying to quit\n\n\n\nsmoking, have you also done research into cigarette\n\n\n\ndesign, the qualities of cigarettes that make them\n\n\n\naddictive, youth marketing, and other topics, all\n\n\n\nrelated to cigarettes?\n\n\n\nA    Yes.  ",1276,done,cigarettes?\n\n\n\nA    
189,ORG,7,"ORG:you\n\n\n\nknow, PERSON:what\n\n\n\nproducts, ORG:on\n\n\n\ntheir, PERSON:making.\n\n\n\nI've, DATE:hard\n\n\n\nto, ORG:deliver\n\n\n\nnicotine, PERSON:hard\n\n\n\nto","you\n\n\n\nknow, teenagers and why they take up smoking, and what\n\n\n\nproducts they select, and the effects of marketing on\n\n\n\ntheir decision making.\n\n\n\nI've done studies on product design and how it\n\n\n\nimpacts the exposures that smokers get and why it's hard\n\n\n\nto quit, so how the product is engineered to deliver\n\n\n\nnicotine, how it's basically engineered to make it hard\n\n\n\nto quit deliberately.  ",1335,take,you\n\n\n\nknow
190,PERSON,7,"ORG:you\n\n\n\nknow, PERSON:what\n\n\n\nproducts, ORG:on\n\n\n\ntheir, PERSON:making.\n\n\n\nI've, DATE:hard\n\n\n\nto, ORG:deliver\n\n\n\nnicotine, PERSON:hard\n\n\n\nto","you\n\n\n\nknow, teenagers and why they take up smoking, and what\n\n\n\nproducts they select, and the effects of marketing on\n\n\n\ntheir decision making.\n\n\n\nI've done studies on product design and how it\n\n\n\nimpacts the exposures that smokers get and why it's hard\n\n\n\nto quit, so how the product is engineered to deliver\n\n\n\nnicotine, how it's basically engineered to make it hard\n\n\n\nto quit deliberately.  ",1335,take,what\n\n\n\nproducts
191,ORG,7,"ORG:you\n\n\n\nknow, PERSON:what\n\n\n\nproducts, ORG:on\n\n\n\ntheir, PERSON:making.\n\n\n\nI've, DATE:hard\n\n\n\nto, ORG:deliver\n\n\n\nnicotine, PERSON:hard\n\n\n\nto","you\n\n\n\nknow, teenagers and why they take up smoking, and what\n\n\n\nproducts they select, and the effects of marketing on\n\n\n\ntheir decision making.\n\n\n\nI've done studies on product design and how it\n\n\n\nimpacts the exposures that smokers get and why it's hard\n\n\n\nto quit, so how the product is engineered to deliver\n\n\n\nnicotine, how it's basically engineered to make it hard\n\n\n\nto quit deliberately.  ",1335,take,on\n\n\n\ntheir
192,PERSON,7,"ORG:you\n\n\n\nknow, PERSON:what\n\n\n\nproducts, ORG:on\n\n\n\ntheir, PERSON:making.\n\n\n\nI've, DATE:hard\n\n\n\nto, ORG:deliver\n\n\n\nnicotine, PERSON:hard\n\n\n\nto","you\n\n\n\nknow, teenagers and why they take up smoking, and what\n\n\n\nproducts they select, and the effects of marketing on\n\n\n\ntheir decision making.\n\n\n\nI've done studies on product design and how it\n\n\n\nimpacts the exposures that smokers get and why it's hard\n\n\n\nto quit, so how the product is engineered to deliver\n\n\n\nnicotine, how it's basically engineered to make it hard\n\n\n\nto quit deliberately.  ",1335,take,making.\n\n\n\nI've
193,DATE,7,"ORG:you\n\n\n\nknow, PERSON:what\n\n\n\nproducts, ORG:on\n\n\n\ntheir, PERSON:making.\n\n\n\nI've, DATE:hard\n\n\n\nto, ORG:deliver\n\n\n\nnicotine, PERSON:hard\n\n\n\nto","you\n\n\n\nknow, teenagers and why they take up smoking, and what\n\n\n\nproducts they select, and the effects of marketing on\n\n\n\ntheir decision making.\n\n\n\nI've done studies on product design and how it\n\n\n\nimpacts the exposures that smokers get and why it's hard\n\n\n\nto quit, so how the product is engineered to deliver\n\n\n\nnicotine, how it's basically engineered to make it hard\n\n\n\nto quit deliberately.  ",1335,take,hard\n\n\n\nto
194,ORG,7,"ORG:you\n\n\n\nknow, PERSON:what\n\n\n\nproducts, ORG:on\n\n\n\ntheir, PERSON:making.\n\n\n\nI've, DATE:hard\n\n\n\nto, ORG:deliver\n\n\n\nnicotine, PERSON:hard\n\n\n\nto","you\n\n\n\nknow, teenagers and why they take up smoking, and what\n\n\n\nproducts they select, and the effects of marketing on\n\n\n\ntheir decision making.\n\n\n\nI've done studies on product design and how it\n\n\n\nimpacts the exposures that smokers get and why it's hard\n\n\n\nto quit, so how the product is engineered to deliver\n\n\n\nnicotine, how it's basically engineered to make it hard\n\n\n\nto quit deliberately.  ",1335,take,deliver\n\n\n\nnicotine
195,PERSON,7,"ORG:you\n\n\n\nknow, PERSON:what\n\n\n\nproducts, ORG:on\n\n\n\ntheir, PERSON:making.\n\n\n\nI've, DATE:hard\n\n\n\nto, ORG:deliver\n\n\n\nnicotine, PERSON:hard\n\n\n\nto","you\n\n\n\nknow, teenagers and why they take up smoking, and what\n\n\n\nproducts they select, and the effects of marketing on\n\n\n\ntheir decision making.\n\n\n\nI've done studies on product design and how it\n\n\n\nimpacts the exposures that smokers get and why it's hard\n\n\n\nto quit, so how the product is engineered to deliver\n\n\n\nnicotine, how it's basically engineered to make it hard\n\n\n\nto quit deliberately.  ",1335,take,hard\n\n\n\nto
196,CARDINAL,4,"CARDINAL:one, DATE:year, DATE:to, DATE:year","think we're one of the few in the country\n\n\n\nactually outside the cigarette industry where we started\n\n\n\nto collect the products from all over the country,\n\n\n\nactually all over the world, comparing the product\n\n\n\ndesigns across different companies, different brands,\n\n\n\nhow the product brands changed year to year, and how\n\n\n\nsome of those design changes affected how people",1409,think,one
197,DATE,4,"CARDINAL:one, DATE:year, DATE:to, DATE:year","think we're one of the few in the country\n\n\n\nactually outside the cigarette industry where we started\n\n\n\nto collect the products from all over the country,\n\n\n\nactually all over the world, comparing the product\n\n\n\ndesigns across different companies, different brands,\n\n\n\nhow the product brands changed year to year, and how\n\n\n\nsome of those design changes affected how people",1409,think,year to year
198,ORG,2,"ORG:smoked.\n\n\n\nAnd, DATE:today",smoked.\n\n\n\nAnd that lab is still in existence today.  ,1465,is,smoked.\n\n\n\nAnd
199,DATE,2,"ORG:smoked.\n\n\n\nAnd, DATE:today",smoked.\n\n\n\nAnd that lab is still in existence today.  ,1465,is,today
200,PERSON,8,"PERSON:I\n\n\n\nset, ORG:the, ORG:National, ORG:Cancer\n\n\n\nInstitute, DATE:the, DATE:mid, DATE:90, DATE:'s","I\n\n\n\nset it up with funding from the National Cancer\n\n\n\nInstitute, really started in the mid 90's, and that\n\n\n\nfunding has continued.\n\n\n\nWe just got renewed for funding.  ",1475,started,I\n\n\n\nset
201,ORG,8,"PERSON:I\n\n\n\nset, ORG:the, ORG:National, ORG:Cancer\n\n\n\nInstitute, DATE:the, DATE:mid, DATE:90, DATE:'s","I\n\n\n\nset it up with funding from the National Cancer\n\n\n\nInstitute, really started in the mid 90's, and that\n\n\n\nfunding has continued.\n\n\n\nWe just got renewed for funding.  ",1475,started,the National Cancer\n\n\n\nInstitute
202,DATE,8,"PERSON:I\n\n\n\nset, ORG:the, ORG:National, ORG:Cancer\n\n\n\nInstitute, DATE:the, DATE:mid, DATE:90, DATE:'s","I\n\n\n\nset it up with funding from the National Cancer\n\n\n\nInstitute, really started in the mid 90's, and that\n\n\n\nfunding has continued.\n\n\n\nWe just got renewed for funding.  ",1475,started,the mid 90's
203,ORG,5,"ORG:related\n\n\n\nto, NORP:journals?\n\nQ, PERSON:Robert, PERSON:Patterson, PERSON:jury?\n\nA","How many of your studies specifically related\n\n\n\nto cigarettes and nicotine addiction have been published\n\n\n\nin scientific and medical journals?\n\nQ    Robert Patterson, could you please share a little more about your childhood for the jury?\n\nA    ",1521,share,related\n\n\n\nto
204,NORP,5,"ORG:related\n\n\n\nto, NORP:journals?\n\nQ, PERSON:Robert, PERSON:Patterson, PERSON:jury?\n\nA","How many of your studies specifically related\n\n\n\nto cigarettes and nicotine addiction have been published\n\n\n\nin scientific and medical journals?\n\nQ    Robert Patterson, could you please share a little more about your childhood for the jury?\n\nA    ",1521,share,journals?\n\nQ
205,PERSON,5,"ORG:related\n\n\n\nto, NORP:journals?\n\nQ, PERSON:Robert, PERSON:Patterson, PERSON:jury?\n\nA","How many of your studies specifically related\n\n\n\nto cigarettes and nicotine addiction have been published\n\n\n\nin scientific and medical journals?\n\nQ    Robert Patterson, could you please share a little more about your childhood for the jury?\n\nA    ",1521,share,Robert Patterson
206,PERSON,5,"ORG:related\n\n\n\nto, NORP:journals?\n\nQ, PERSON:Robert, PERSON:Patterson, PERSON:jury?\n\nA","How many of your studies specifically related\n\n\n\nto cigarettes and nicotine addiction have been published\n\n\n\nin scientific and medical journals?\n\nQ    Robert Patterson, could you please share a little more about your childhood for the jury?\n\nA    ",1521,share,jury?\n\nA    
207,ORG,7,"ORG:Detroit, ORG:Receiving, ORG:Hospital, DATE:Jan, DATE:12, DATE:,, DATE:1979","I was born in Detroit Receiving Hospital on Jan 12, 1979 on a cold night.\n\nA    ",1557,born,Detroit Receiving Hospital
208,DATE,7,"ORG:Detroit, ORG:Receiving, ORG:Hospital, DATE:Jan, DATE:12, DATE:,, DATE:1979","I was born in Detroit Receiving Hospital on Jan 12, 1979 on a cold night.\n\nA    ",1557,born,"Jan 12, 1979"
209,PERSON,1,PERSON:well.\n\n\n\nQ,"So I've published about 420\n\n\n\npeer-reviewed scientific articles, many chapters in\n\n\n\nbooks, and that kind of thing as well.\n\n\n\nQ    ",1601,published,well.\n\n\n\nQ    
210,NORP,1,NORP:for\n\n\n\nscientists,"for\n\n\n\nscientists and public health officials like yourself,\n\n\n\nhave",1641,for\n\n\n\nscientists,for\n\n\n\nscientists
211,PERSON,2,"PERSON:related\n\n\n\nspecifically, PERSON:addiction?\n\n\n\nA","you also published chapters in books related\n\n\n\nspecifically to cigarette design, nicotine addiction?\n\n\n\nA    ",1648,published,related\n\n\n\nspecifically
212,PERSON,2,"PERSON:related\n\n\n\nspecifically, PERSON:addiction?\n\n\n\nA","you also published chapters in books related\n\n\n\nspecifically to cigarette design, nicotine addiction?\n\n\n\nA    ",1648,published,addiction?\n\n\n\nA    
213,PERSON,1,PERSON:chapters\n\n\n\noccasionally,I've been invited to do chapters\n\n\n\noccasionally for books.  ,1665,invited,chapters\n\n\n\noccasionally
214,CARDINAL,2,"CARDINAL:about, CARDINAL:30",I've probably done about 30 of\n\n\n\nthose.  ,1676,done,about 30
215,ORG,6,"ORG:the, ORG:National\n\n\n\nCancer, ORG:Institute, ORG:the, ORG:Surgeon, ORG:General","Those include monographs, you know, the National\n\n\n\nCancer Institute, the Surgeon General.  ",1685,include,the National\n\n\n\nCancer Institute
216,ORG,6,"ORG:the, ORG:National\n\n\n\nCancer, ORG:Institute, ORG:the, ORG:Surgeon, ORG:General","Those include monographs, you know, the National\n\n\n\nCancer Institute, the Surgeon General.  ",1685,include,the Surgeon General
217,ORG,4,"ORG:written\n\n\n\nsections, ORG:Surgeon, ORG:Generals, ORG:'",I've written\n\n\n\nsections of Surgeon Generals' reports in the past.  ,1701,'ve,written\n\n\n\nsections
218,ORG,4,"ORG:written\n\n\n\nsections, ORG:Surgeon, ORG:Generals, ORG:'",I've written\n\n\n\nsections of Surgeon Generals' reports in the past.  ,1701,'ve,Surgeon Generals'
219,ORG,2,"ORG:tobacco\n\n\n\nproduct, ORG:marketing.\n\n\n\nQ","I've\n\n\n\ndone chapters for encyclopedias on different aspects of\n\n\n\ncigarette smoking, including cigarette design, tobacco\n\n\n\nproduct marketing.\n\n\n\nQ    ",1714,chapters,tobacco\n\n\n\nproduct marketing.\n\n\n\nQ    
220,ORG,7,"ORG:some\n\n\n\nspecific, ORG:the\n\n\n\ngovernment, ORG:the, ORG:National, ORG:Cancer, ORG:Institute, PERSON:NCI?\n\n\n\nA","You mentioned receiving grants, and\n\n\n\nwe're going to talk a little bit more about some\n\n\n\nspecific studies you've done which were funded by the\n\n\n\ngovernment, but let me ask you just some examples of\n\n\n\ngrants.\n\n\n\nWhat is the National Cancer Institute, or NCI?\n\n\n\nA    ",1734,going,some\n\n\n\nspecific
221,ORG,7,"ORG:some\n\n\n\nspecific, ORG:the\n\n\n\ngovernment, ORG:the, ORG:National, ORG:Cancer, ORG:Institute, PERSON:NCI?\n\n\n\nA","You mentioned receiving grants, and\n\n\n\nwe're going to talk a little bit more about some\n\n\n\nspecific studies you've done which were funded by the\n\n\n\ngovernment, but let me ask you just some examples of\n\n\n\ngrants.\n\n\n\nWhat is the National Cancer Institute, or NCI?\n\n\n\nA    ",1734,going,the\n\n\n\ngovernment
222,ORG,7,"ORG:some\n\n\n\nspecific, ORG:the\n\n\n\ngovernment, ORG:the, ORG:National, ORG:Cancer, ORG:Institute, PERSON:NCI?\n\n\n\nA","You mentioned receiving grants, and\n\n\n\nwe're going to talk a little bit more about some\n\n\n\nspecific studies you've done which were funded by the\n\n\n\ngovernment, but let me ask you just some examples of\n\n\n\ngrants.\n\n\n\nWhat is the National Cancer Institute, or NCI?\n\n\n\nA    ",1734,going,the National Cancer Institute
223,PERSON,7,"ORG:some\n\n\n\nspecific, ORG:the\n\n\n\ngovernment, ORG:the, ORG:National, ORG:Cancer, ORG:Institute, PERSON:NCI?\n\n\n\nA","You mentioned receiving grants, and\n\n\n\nwe're going to talk a little bit more about some\n\n\n\nspecific studies you've done which were funded by the\n\n\n\ngovernment, but let me ask you just some examples of\n\n\n\ngrants.\n\n\n\nWhat is the National Cancer Institute, or NCI?\n\n\n\nA    ",1734,going,NCI?\n\n\n\nA    
224,ORG,4,"ORG:The, ORG:National, ORG:Cancer, ORG:Institute","The National Cancer Institute is part of our""",1777,is,The National Cancer Institute
